Name,Area_Code,Work_ID,zone_code,Gov,Address,حالة الحصر,المباني المنجزة,إجمالي المباني,عدد الوحدات,نسبة الإنجاز %,عدد الفرق,عدد المهندسين,البلدية,الحي,المحافظة,الاسم,كود المنطقة الرئيسية,كود العمل,كود المنطقة الفرعية,العنوان,عدد المباني التقديري
الشمال-الكرامة,NJA0005,INDAS_N007,FNJA0005_E024,شمال غزة,,مناطق حصر جديدة,0.0,0.0,0.0,0.0,0.0,0.0,جباليا النزلة,الكرامة,شمال غزة,الشمال-الكرامة,NJA0005,INDAS_N007,FNJA0005_E024,,0.0
غزة-الشهداء,GGA0008,INDAS_G024,FGGA0008_E015,غزة,,تم الانتهاء,128.0,134.0,518.0,95.52,0.0,0.0,غزة,الرمال الجنوبي,غزة,غزة-الشهداء,GGA0008,INDAS_G024,FGGA0008_E015,,134.0
الشمال-عباد الرحمن-مربع مدرسة أسامة بن زيد,NJA0005,INDAS_N005,FNJA0005_E023,شمال غزة,,مناطق حصر جديدة,0.0,0.0,0.0,0.0,0.0,0.0,جباليا النزلة,عباد الرحمن,شمال غزة,الشمال-عباد الرحمن-مربع مدرسة أسامة بن زيد,NJA0005,INDAS_N005,FNJA0005_E023,,0.0
الشمال-الكرامة,NJA0005,INDAS_N007,FNJA0005_E022,شمال غزة,,مناطق حصر جديدة,0.0,0.0,0.0,0.0,0.0,0.0,جباليا النزلة,الكرامة,شمال غزة,الشمال-الكرامة,NJA0005,INDAS_N007,FNJA0005_E022,,0.0
الشمال-الكرامة,NJA0005,INDAS_N007,FNJA0005_E021,شمال غزة,,مناطق حصر جديدة,0.0,0.0,0.0,0.0,0.0,0.0,جباليا النزلة,الكرامة,شمال غزة,الشمال-الكرامة,NJA0005,INDAS_N007,FNJA0005_E021,,0.0
غزة-المغراقة,GZA0004,INDAS_G048,FGZA0004_E015,غزة,,مناطق حصر جديدة,0.0,460.0,0.0,0.0,0.0,0.0,المغراقة,حي التقوى,غزة,غزة-المغراقة,GZA0004,INDAS_G048,FGZA0004_E015,,460.0
غزة-الشيخ رضوان,GGA0009,INDAS_G002,FGGA0009_E001,غزة,المنطقة بين الشارع الاول والتاني ويمتد من مفترق الشيخ رضوان مع الجلاء وصولا لشارع النصر بين مفترق بهلول ومفترق النادي الاهلي,تم الانتهاء,161.0,179.0,1242.0,89.94,0.0,0.0,غزة,الشيخ رضوان,غزة,غزة-الشيخ رضوان,GGA0009,INDAS_G002,FGGA0009_E001,المنطقة بين الشارع الاول والتاني ويمتد من مفترق الشيخ رضوان مع الجلاء وصولا لشارع النصر بين مفترق بهلول ومفترق النادي الاهلي,179.0
غزة-المنطقة التي تجمع بين مربع الجسر -عيادة وكالة الشيخ رضوان - مربع القسطل-مربع مسجد حطين,GGA0009,INDAS_G013,FGGA0009_E013,غزة,,قيد الحصر,0.0,0.0,0.0,0.0,1.0,2.0,غزة,النصر,غزة,غزة-المنطقة التي تجمع بين مربع الجسر -عيادة وكالة الشيخ رضوان - مربع القسطل-مربع مسجد حطين,GGA0009,INDAS_G013,FGGA0009_E013,,0.0
غزة-المنطقة التي تجمع بين مربع الجسر -عيادة وكالة الشيخ رضوان - مربع القسطل-مربع مسجد حطين,GGA0009,INDAS_G013,FGGA0009_E006,غزة,,قيد الحصر,45.0,345.0,0.0,13.04,1.0,0.0,غزة,النصر,غزة,غزة-المنطقة التي تجمع بين مربع الجسر -عيادة وكالة الشيخ رضوان - مربع القسطل-مربع مسجد حطين,GGA0009,INDAS_G013,FGGA0009_E006,,345.0
غزة-مربع عزبة عبد العال,GGA0005,INDAS_G014,FGGA0005_E007,غزة,,مناطق حصر جديدة,62.0,183.0,0.0,33.88,0.0,0.0,غزة,الدرج,غزة,غزة-مربع عزبة عبد العال,GGA0005,INDAS_G014,FGGA0005_E007,,183.0
غزة-مربع أبو حصيرة,GGA0008,INDAS_G021,FGGA0008_E022,غزة,,مناطق حصر جديدة,0.0,243.0,0.0,0.0,0.0,0.0,غزة,الرمال الشمالي,غزة,غزة-مربع أبو حصيرة,GGA0008,INDAS_G021,FGGA0008_E022,,243.0
غزة-الزيتون مربع الدحدوح والقرية البدوية,GZA0004,INDAS_G046,FGZA0004_E021,غزة,,مناطق حصر جديدة,0.0,0.0,0.0,0.0,0.0,0.0,غزة,الزيتون,غزة,غزة-الزيتون مربع الدحدوح والقرية البدوية,GZA0004,INDAS_G046,FGZA0004_E021,,0.0
غزة-مربع شملخ ومسجد مصعب بن عمير,GZA0004,INDAS_G045,FGZA0004_E020,غزة,,مناطق حصر جديدة,0.0,0.0,0.0,0.0,0.0,0.0,غزة,الشيخ عجلين,غزة,غزة-مربع شملخ ومسجد مصعب بن عمير,GZA0004,INDAS_G045,FGZA0004_E020,,0.0
خانيونس-حي الأمل,KKY0006,INDAS_K001,FKKY0006_E003,خانيونس,منطقة العرايشية-جنوب بركة المشروع  وفي الشرق من الاتحدا النسائي الى مسجد حسن البنا,قيد الحصر,59.0,165.0,341.0,35.76,1.0,2.0,خانيونس,الأمل,خانيونس,خانيونس-حي الأمل,KKY0006,INDAS_K001,FKKY0006_E003,منطقة العرايشية-جنوب بركة المشروع  وفي الشرق من الاتحدا النسائي الى مسجد حسن البنا,165.0
خانيونس-البلد,KKY0006,INDAS_K002,FKKY0006_E004,خانيونس,حانيونس البلد المنطقة الواقعة جنوب شارع البحر وشرق منتزة البلدية,قيد الحصر,155.0,244.0,591.0,63.52,1.0,0.0,خانيونس,المعسكر,خانيونس,خانيونس-البلد,KKY0006,INDAS_K002,FKKY0006_E004,حانيونس البلد المنطقة الواقعة جنوب شارع البحر وشرق منتزة البلدية,244.0
غزة-شرق مخيم الشاطئ,GGA0010,INDAS_G018,FGGA0010_E001,غزة,,مناطق حصر جديدة,69.0,483.0,0.0,14.29,0.0,0.0,غزة,مخيم الشاطئ,غزة,غزة-شرق مخيم الشاطئ,GGA0010,INDAS_G018,FGGA0010_E001,,483.0
الشمال-عباد الرحمن,NJA0005,INDAS_N001,FNJA0005_E002,شمال غزة,المنطقة ارض الشنطي الواقعة بين دوار الصاروخ ومفترق الامن العام ومفترق برج الاندلس,تم الانتهاء,154.0,173.0,800.0,89.02,1.0,0.0,جباليا النزلة,عباد الرحمن,شمال غزة,الشمال-عباد الرحمن,NJA0005,INDAS_N001,FNJA0005_E002,المنطقة ارض الشنطي الواقعة بين دوار الصاروخ ومفترق الامن العام ومفترق برج الاندلس,173.0
غزة-الشيخ رضوان,GGA0009,INDAS_G002,FGGA0009_E002,غزة,المنطقة بين الشارع الاول والتاني ويمتد من مفترق الشيخ رضوان مع الجلاء وصولا لشارع النصر بين مفترق بهلول ومفترق النادي الاهلي,تم الانتهاء,160.0,178.0,1383.0,89.89,0.0,0.0,غزة,الشيخ رضوان,غزة,غزة-الشيخ رضوان,GGA0009,INDAS_G002,FGGA0009_E002,المنطقة بين الشارع الاول والتاني ويمتد من مفترق الشيخ رضوان مع الجلاء وصولا لشارع النصر بين مفترق بهلول ومفترق النادي الاهلي,178.0
غزة-الرمال الشمالي-مربع فلسطين,GGA0008,INDAS_G003,FGGA0008_E009,غزة,المنطقة بين شارع الجلاء مفترق الغفري الى محطة البربري وبين شارع النصر من مسجد الحبيب محمد الى محلات البسمة,تم الانتهاء,222.0,254.0,664.0,87.4,0.0,0.0,غزة,الرمال الشمالي,غزة,غزة-الرمال الشمالي-مربع فلسطين,GGA0008,INDAS_G003,FGGA0008_E009,المنطقة بين شارع الجلاء مفترق الغفري الى محطة البربري وبين شارع النصر من مسجد الحبيب محمد الى محلات البسمة,254.0
الوسطى--النصيرات-أرض المفتي,MNU0002,INDAS_M001,FMNU0002_E002,الوسطى,منطقة مربع المفتي والمخيم الجديد وارض ابو مهادي,قيد الحصر,146.0,245.0,399.0,59.59,1.0,2.0,النصيرات,حي المخيم الجديد,الوسطى,الوسطى--النصيرات-أرض المفتي,MNU0002,INDAS_M001,FMNU0002_E002,منطقة مربع المفتي والمخيم الجديد وارض ابو مهادي,245.0
دير البلح-قصر أبو سليم,MDB0003,INDAS_M013,FMDB0003_E001,الوسطى,من شارع الحكر من جامع الفرقان الى ابو هولي,تم الانتهاء,279.0,279.0,446.0,100.0,0.0,0.0,دير البلح,الفرش/ام العزبان,الوسطى,دير البلح-قصر أبو سليم,MDB0003,INDAS_M013,FMDB0003_E001,من شارع الحكر من جامع الفرقان الى ابو هولي,279.0
غزة-مدينة الزهراء,GZA0004,INDAS_G006,FGZA0004_E002,غزة,المنطقة بين قصر العدل ومجمع السلامة الطبي  الى شارع الرشيد,مناطق حصر جديدة,0.0,246.0,213.0,0.0,0.0,0.0,مدينة الزهراء,حي الزهراء,غزة,غزة-مدينة الزهراء,GZA0004,INDAS_G006,FGZA0004_E002,المنطقة بين قصر العدل ومجمع السلامة الطبي  الى شارع الرشيد,246.0
غزة-تل الهوى-المستشفى الأردني,GGA0007,INDAS_G005,FGGA0007_E003,غزة,المنطقة بين شارع الصناعة مطعم الأصيل الى شارع المغربي  وصولا الى برشلونة,تم الانتهاء,169.0,176.0,822.0,96.02,0.0,0.0,غزة,الصبرة,غزة,غزة-تل الهوى-المستشفى الأردني,GGA0007,INDAS_G005,FGGA0007_E003,المنطقة بين شارع الصناعة مطعم الأصيل الى شارع المغربي  وصولا الى برشلونة,176.0
غزة-الرمال الجنوبي-ابو الكاس,GGA0006,INDAS_G004,FGGA0006_E002,غزة,المنطقة بين بداية شارع الشهداء  الى (اصدقاء المريض) وشارع جمال عبد الناصر من مفترق الطيران الى مفترق الجامعة الاسلامية,تم الانتهاء,75.0,76.0,461.0,98.68,0.0,0.0,غزة,الرمال الجنوبي,غزة,غزة-الرمال الجنوبي-ابو الكاس,GGA0006,INDAS_G004,FGGA0006_E002,المنطقة بين بداية شارع الشهداء  الى (اصدقاء المريض) وشارع جمال عبد الناصر من مفترق الطيران الى مفترق الجامعة الاسلامية,76.0
غزة-منطقة الشفاء,GGA0008,INDAS_G001,FGGA0008_E006,غزة,المنطقة محيط مجمع الشفاء,تم الانتهاء,0.0,0.0,0.0,0.0,0.0,0.0,غزة,الرمال الشمالي,غزة,غزة-منطقة الشفاء,GGA0008,INDAS_G001,FGGA0008_E006,المنطقة محيط مجمع الشفاء,0.0
غزة-مربع ملعب فلسطين ومربع برج الشوا والحصري,GGA0008,INDAS_G026,FGGA0008_E011,غزة,,قيد الحصر,31.0,245.0,0.0,12.65,2.0,5.0,غزة,الرمال الشمالي,غزة,غزة-مربع ملعب فلسطين ومربع برج الشوا والحصري,GGA0008,INDAS_G026,FGGA0008_E011,,245.0
مربع أبراج الكرامة ومربع مسجد عيسى مراد,NJA0005,INDAS_N004,FNJA0005_E007,شمال غزة,,قيد الحصر,0.0,0.0,0.0,0.0,1.0,2.0,جباليا النزلة,الكرامة,شمال غزة,مربع أبراج الكرامة ومربع مسجد عيسى مراد,NJA0005,INDAS_N004,FNJA0005_E007,,0.0
الوسطى--النصيرات-أرض المفتي,MNU0002,INDAS_M001,FMNU0002_E004,الوسطى,منطقة مربع المفتي والمخيم الجديد وارض ابو مهادي,تم الانتهاء,272.0,273.0,782.0,99.63,0.0,0.0,النصيرات,حي المفتي,الوسطى,الوسطى--النصيرات-أرض المفتي,MNU0002,INDAS_M001,FMNU0002_E004,منطقة مربع المفتي والمخيم الجديد وارض ابو مهادي,273.0
الشمال-الكرامة,NJA0005,INDAS_N002,FNJA0005_E008,شمال غزة,مربع ليالينا ومربع مبنى السفينة,مناطق حصر جديدة,7.0,246.0,0.0,2.85,0.0,0.0,جباليا النزلة,الكرامة,شمال غزة,الشمال-الكرامة,NJA0005,INDAS_N002,FNJA0005_E008,مربع ليالينا ومربع مبنى السفينة,246.0
غزة-مربع مسجد الكنز,GGA0008,INDAS_G025,FGGA0008_E012,غزة,,مناطق حصر جديدة,0.0,167.0,0.0,0.0,0.0,0.0,غزة,الرمال الشمالي,غزة,غزة-مربع مسجد الكنز,GGA0008,INDAS_G025,FGGA0008_E012,,167.0
الشمال- مربع الصفطاوي,NJA0005,INDAS_N006,FNJA0005_E009,شمال غزة,,قيد الحصر,0.0,0.0,0.0,0.0,1.0,2.0,جباليا النزلة,عباد الرحمن,شمال غزة,الشمال- مربع الصفطاوي,NJA0005,INDAS_N006,FNJA0005_E009,,0.0
غزة-مربع الميناء,GGA0008,INDAS_G022,FGGA0008_E013,غزة,,مناطق حصر جديدة,0.0,207.0,0.0,0.0,0.0,0.0,غزة,الرمال الجنوبي,غزة,غزة-مربع الميناء,GGA0008,INDAS_G022,FGGA0008_E013,,207.0
الشمال-عباد الرحمن-مربع مدرسة أسامة بن زيد,NJA0005,INDAS_N005,FNJA0005_E010,شمال غزة,,مناطق حصر جديدة,1.0,149.0,0.0,0.67,0.0,0.0,جباليا النزلة,عباد الرحمن,شمال غزة,الشمال-عباد الرحمن-مربع مدرسة أسامة بن زيد,NJA0005,INDAS_N005,FNJA0005_E010,,149.0
الشمال-عباد الرحمن-مربع مدرسة أسامة بن زيد,NJA0005,INDAS_N003,FNJA0005_E011,شمال غزة,,مناطق حصر جديدة,10.0,122.0,0.0,8.2,0.0,0.0,جباليا النزلة,عباد الرحمن,شمال غزة,الشمال-عباد الرحمن-مربع مدرسة أسامة بن زيد,NJA0005,INDAS_N003,FNJA0005_E011,,122.0
غزة-المنطقة الواقعة بين مربع مسجد الشمعة ومربع كشكو,GGA0002,INDAS_G039,FGGA0002_E001,غزة,,مناطق حصر جديدة,98.0,319.0,0.0,30.72,0.0,0.0,غزة,الشجاعية_ التركمان,غزة,غزة-المنطقة الواقعة بين مربع مسجد الشمعة ومربع كشكو,GGA0002,INDAS_G039,FGGA0002_E001,,319.0
غزة-مربع البرهام,GGA0002,INDAS_G038,FGGA0002_E002,غزة,,مناطق حصر جديدة,98.0,239.0,0.0,41.0,0.0,0.0,غزة,الزيتون,غزة,غزة-مربع البرهام,GGA0002,INDAS_G038,FGGA0002_E002,,239.0
غزة-مربع مدرسة موسى بن نصير,GGA0005,INDAS_G050,FGGA0005_E001,غزة,,مناطق حصر جديدة,75.0,176.0,0.0,42.61,0.0,0.0,غزة,الدرج,غزة,غزة-مربع مدرسة موسى بن نصير,GGA0005,INDAS_G050,FGGA0005_E001,,176.0
غزة-مربع عايدية ومربع كرم مصلحة,GGA0008,INDAS_G019,FGGA0008_E014,غزة,,مناطق حصر جديدة,103.0,254.0,0.0,40.55,0.0,0.0,غزة,الرمال الشمالي,غزة,غزة-مربع عايدية ومربع كرم مصلحة,GGA0008,INDAS_G019,FGGA0008_E014,,254.0
غزة-مربع فهمي الجرجاوي والفواخير,GGA0006,INDAS_G029,FGGA0006_E005,غزة,,مناطق حصر جديدة,74.0,277.0,0.0,26.71,0.0,0.0,غزة,الدرج,غزة,غزة-مربع فهمي الجرجاوي والفواخير,GGA0006,INDAS_G029,FGGA0006_E005,,277.0
غزة-مربع سوق فراس ومستشفى المعمداني,GGA0002,INDAS_G030,FGGA0002_E003,غزة,,مناطق حصر جديدة,54.0,278.0,0.0,19.42,0.0,0.0,غزة,البلدة القديمة,غزة,غزة-مربع سوق فراس ومستشفى المعمداني,GGA0002,INDAS_G030,FGGA0002_E003,,278.0
غزة-مربع عسقولة,GGA0002,INDAS_G037,FGGA0002_E004,غزة,,مناطق حصر جديدة,0.0,157.0,0.0,0.0,0.0,0.0,غزة,الصبرة,غزة,غزة-مربع عسقولة,GGA0002,INDAS_G037,FGGA0002_E004,,157.0
غزة-مربع مسجد التوحيد والسنة ومجمع الصحابة الطبي,GGA0006,INDAS_G051,FGGA0006_E006,غزة,,مناطق حصر جديدة,0.0,630.0,0.0,0.0,0.0,0.0,غزة,الدرج,غزة,غزة-مربع مسجد التوحيد والسنة ومجمع الصحابة الطبي,GGA0006,INDAS_G051,FGGA0006_E006,,630.0
غزة-مربع النديم,GGA0002,INDAS_G044,FGGA0002_E005,غزة,,مناطق حصر جديدة,36.0,284.0,0.0,12.68,0.0,0.0,غزة,الزيتون,غزة,غزة-مربع النديم,GGA0002,INDAS_G044,FGGA0002_E005,,284.0
غزة-الزيتون-مربع مسجد علي بن ابي طالب ومنطقة السموني,GZA0004,INDAS_G047,FGZA0004_E003,غزة,,مناطق حصر جديدة,13.0,310.0,0.0,4.19,0.0,0.0,غزة,الزيتون,غزة,غزة-الزيتون-مربع مسجد علي بن ابي طالب ومنطقة السموني,GZA0004,INDAS_G047,FGZA0004_E003,,310.0
غزة-مربع أبو الأمين وأبو اسكندر,GGA0009,INDAS_G010,FGGA0009_E005,غزة,,مناطق حصر جديدة,82.0,333.0,0.0,24.62,0.0,0.0,غزة,الشيخ رضوان,غزة,غزة-مربع أبو الأمين وأبو اسكندر,GGA0009,INDAS_G010,FGGA0009_E005,,333.0
غزة-مربع الزهارنة ومربع المشاهرة,GGA0005,INDAS_G020,FGGA0005_E002,غزة,,مناطق حصر جديدة,0.0,517.0,0.0,0.0,0.0,0.0,غزة,الدرج,غزة,غزة-مربع الزهارنة ومربع المشاهرة,GGA0005,INDAS_G020,FGGA0005_E002,,517.0
غزة-مربع عمو عماد ومربع مركز صحي الصبرة,GGA0002,INDAS_G036,FGGA0002_E006,غزة,,مناطق حصر جديدة,0.0,170.0,0.0,0.0,0.0,0.0,غزة,الزيتون,غزة,غزة-مربع عمو عماد ومربع مركز صحي الصبرة,GGA0002,INDAS_G036,FGGA0002_E006,,170.0
غزة-مربع نادي الهلال الرياضي,GGA0005,INDAS_G015,FGGA0005_E003,غزة,,مناطق حصر جديدة,0.0,343.0,0.0,0.0,0.0,0.0,غزة,الدرج,غزة,غزة-مربع نادي الهلال الرياضي,GGA0005,INDAS_G015,FGGA0005_E003,,343.0
غزة-مربع عبدالله عزام وبيارة الدهشان,GGA0006,INDAS_G035,FGGA0006_E007,غزة,,مناطق حصر جديدة,31.0,209.0,0.0,14.83,0.0,0.0,غزة,الصبرة,غزة,غزة-مربع عبدالله عزام وبيارة الدهشان,GGA0006,INDAS_G035,FGGA0006_E007,,209.0
غزة-مربع عزبة عبد العال,GGA0005,INDAS_G014,FGGA0005_E004,غزة,,مناطق حصر جديدة,0.0,274.0,0.0,0.0,0.0,0.0,غزة,الدرج,غزة,غزة-مربع عزبة عبد العال,GGA0005,INDAS_G014,FGGA0005_E004,,274.0
غزة-مربع المجمع الاسلامي,GGA0002,INDAS_G043,FGGA0002_E007,غزة,,مناطق حصر جديدة,0.0,613.0,0.0,0.0,0.0,0.0,غزة,الزيتون,غزة,غزة-مربع المجمع الاسلامي,GGA0002,INDAS_G043,FGGA0002_E007,,613.0
غزة-مربع أبو علبة ومسجد اليرموك,GGA0005,INDAS_G052,FGGA0005_E005,غزة,,قيد الحصر,26.0,233.0,0.0,11.16,1.0,2.0,غزة,النصر,غزة,غزة-مربع أبو علبة ومسجد اليرموك,GGA0005,INDAS_G052,FGGA0005_E005,,233.0
غزة-مربع مقبرة الشيخ رضوان وبرج الايطالي,GGA0009,INDAS_G053,FGGA0009_E004,غزة,,قيد الحصر,36.0,295.0,0.0,12.2,1.0,3.0,غزة,النصر,غزة,غزة-مربع مقبرة الشيخ رضوان وبرج الايطالي,GGA0009,INDAS_G053,FGGA0009_E004,,295.0
غزة-مربع الجامعات ومربع الاذاعة والتلفزيون القديم,GGA0007,INDAS_G033,FGGA0007_E004,غزة,,قيد الحصر,74.0,113.0,0.0,65.49,0.0,0.0,غزة,الرمال الجنوبي,غزة,غزة-مربع الجامعات ومربع الاذاعة والتلفزيون القديم,GGA0007,INDAS_G033,FGGA0007_E004,,113.0
غزة-مربع الكتيبة,GGA0007,INDAS_G032,FGGA0007_E005,غزة,,قيد الحصر,62.0,109.0,0.0,56.88,1.0,3.0,غزة,الرمال الجنوبي,غزة,غزة-مربع الكتيبة,GGA0007,INDAS_G032,FGGA0007_E005,,109.0
غزة-مربع أبراج تل الهوى,GGA0007,INDAS_G042,FGGA0007_E006,غزة,,مناطق حصر جديدة,0.0,113.0,0.0,0.0,0.0,0.0,غزة,تل الهوى,غزة,غزة-مربع أبراج تل الهوى,GGA0007,INDAS_G042,FGGA0007_E006,,113.0
غزة-مربع مسجد الفلاح,GGA0007,INDAS_G041,FGGA0007_E007,غزة,,قيد الحصر,74.0,198.0,0.0,37.37,1.0,2.0,غزة,الشيخ عجلين,غزة,غزة-مربع مسجد الفلاح,GGA0007,INDAS_G041,FGGA0007_E007,,198.0
غزة-الزيتون مربع الدحدوح والقرية البدوية,GZA0004,INDAS_G046,FGZA0004_E004,غزة,,مناطق حصر جديدة,0.0,290.0,0.0,0.0,0.0,0.0,غزة,الزيتون,غزة,غزة-الزيتون مربع الدحدوح والقرية البدوية,GZA0004,INDAS_G046,FGZA0004_E004,,290.0
غزة-مربع الخدمة العامة والقصاصين,GGA0006,INDAS_G028,FGGA0006_E008,غزة,,قيد الحصر,95.0,268.0,0.0,35.45,3.0,8.0,غزة,الصبرة,غزة,غزة-مربع الخدمة العامة والقصاصين,GGA0006,INDAS_G028,FGGA0006_E008,,268.0
غزة-مربع شملخ ومسجد مصعب بن عمير,GZA0004,INDAS_G045,FGZA0004_E005,غزة,,مناطق حصر جديدة,0.0,269.0,0.0,0.0,0.0,0.0,غزة,الشيخ عجلين,غزة,غزة-مربع شملخ ومسجد مصعب بن عمير,GZA0004,INDAS_G045,FGZA0004_E005,,269.0
غزة-مربع أبراج المقوسي وأبراج المخابرات,GGA0009,INDAS_G008,FGGA0009_E009,غزة,,مناطق حصر جديدة,0.0,160.0,0.0,0.0,0.0,0.0,غزة,مدينة العودة,غزة,غزة-مربع أبراج المقوسي وأبراج المخابرات,GGA0009,INDAS_G008,FGGA0009_E009,,160.0
غزة-المغراقة,GZA0004,INDAS_G048,FGZA0004_E006,غزة,,مناطق حصر جديدة,0.0,365.0,0.0,0.0,0.0,0.0,المغراقة,حي ابو هريرة,غزة,غزة-المغراقة,GZA0004,INDAS_G048,FGZA0004_E006,,365.0
غزة-منطقة أبو مدين ومنطقة عزبة الحمامية,GZA0004,INDAS_G049,FGZA0004_E007,غزة,,مناطق حصر جديدة,0.0,116.0,0.0,0.0,0.0,0.0,مدينة الزهراء,حي الزهراء,غزة,غزة-منطقة أبو مدين ومنطقة عزبة الحمامية,GZA0004,INDAS_G049,FGZA0004_E007,,116.0
الوسطى-النصيرات-مربع أرض الدعوة و المحكمة الشرعية,MNU0002,INDAS_M004,FMNU0002_E005,الوسطى,,مناطق حصر جديدة,0.0,254.0,0.0,0.0,0.0,0.0,النصيرات,حي الدعوة,الوسطى,الوسطى-النصيرات-مربع أرض الدعوة و المحكمة الشرعية,MNU0002,INDAS_M004,FMNU0002_E005,,254.0
غزة-مربع مكتبة البلدية العامة ومربع أبو خضرة,GGA0006,INDAS_G027,FGGA0006_E009,غزة,,مناطق حصر جديدة,39.0,393.0,0.0,9.92,0.0,0.0,غزة,الدرج,غزة,غزة-مربع مكتبة البلدية العامة ومربع أبو خضرة,GGA0006,INDAS_G027,FGGA0006_E009,,393.0
الوسطى-النصيرات-مخيم النصيرات,MNU0002,INDAS_M005,FMNU0002_E006,الوسطى,,قيد الحصر,73.0,471.0,0.0,15.5,1.0,2.0,النصيرات,حي المفتي,الوسطى,الوسطى-النصيرات-مخيم النصيرات,MNU0002,INDAS_M005,FMNU0002_E006,,471.0
الوسطى-النصيرات-مربع أراضي (مطر والحرثاني وأبو عريبان),MNU0002,INDAS_M006,FMNU0002_E007,الوسطى,,مناطق حصر جديدة,0.0,230.0,0.0,0.0,0.0,0.0,النصيرات,حي بلوك F,الوسطى,الوسطى-النصيرات-مربع أراضي (مطر والحرثاني وأبو عريبان),MNU0002,INDAS_M006,FMNU0002_E007,,230.0
الوسطى-النصيرات-مربع أرض أبو مراحيل ومخيم 1 ومربع مسجد الفرج,MNU0002,INDAS_M007,FMNU0002_E008,الوسطى,,مناطق حصر جديدة,0.0,194.0,0.0,0.0,0.0,0.0,النصيرات,حي بلوك F,الوسطى,الوسطى-النصيرات-مربع أرض أبو مراحيل ومخيم 1 ومربع مسجد الفرج,MNU0002,INDAS_M007,FMNU0002_E008,,194.0
الوسطى-النصيرات-المنطقة الواقعة من أرض المصنع الى أبراج عين جالوت,MNU0002,INDAS_M009,FMNU0002_E009,الوسطى,,قيد الحصر,63.0,296.0,0.0,21.28,1.0,2.0,النصيرات,حي الشهداء,الوسطى,الوسطى-النصيرات-المنطقة الواقعة من أرض المصنع الى أبراج عين جالوت,MNU0002,INDAS_M009,FMNU0002_E009,,296.0
H الوسطى-النصيرات-منطقة بيارة أبو سليم الشرقية وبلوك,MNU0002,INDAS_M008,FMNU0002_E010,الوسطى,,مناطق حصر جديدة,0.0,298.0,0.0,0.0,0.0,0.0,النصيرات,حي ابوسليم الشرقية,الوسطى,H الوسطى-النصيرات-منطقة بيارة أبو سليم الشرقية وبلوك,MNU0002,INDAS_M008,FMNU0002_E010,,298.0
الوسطى-النصيرات-مربع أرض أبو شمالة ومركز رعاية النصيرات,MNU0002,INDAS_M003,FMNU0002_E011,الوسطى,,قيد الحصر,0.0,0.0,0.0,0.0,0.0,0.0,النصيرات,حي المخيم الجديد,الوسطى,الوسطى-النصيرات-مربع أرض أبو شمالة ومركز رعاية النصيرات,MNU0002,INDAS_M003,FMNU0002_E011,,0.0
خانيونس-المنطقة الواقعة بين مربع حارة المجايدة وحسني ومربع السيقلي والقسام,KKY0006,INDAS_K019,FKKY0006_E009,خانيونس,,قيد الحصر,52.0,381.0,0.0,13.65,1.0,0.0,خانيونس,مركز المدينة,خانيونس,خانيونس-المنطقة الواقعة بين مربع حارة المجايدة وحسني ومربع السيقلي والقسام,KKY0006,INDAS_K019,FKKY0006_E009,,381.0
الوسطى-النصيرات-مربع أراضي (أبو غولة-أبو مهادي-اللوح-أبو زكري),MNU0002,INDAS_M002,FMNU0002_E012,الوسطى,,مناطق حصر جديدة,0.0,435.0,0.0,0.0,0.0,0.0,النصيرات,حي ارض ابومهادي,الوسطى,الوسطى-النصيرات-مربع أراضي (أبو غولة-أبو مهادي-اللوح-أبو زكري),MNU0002,INDAS_M002,FMNU0002_E012,,435.0
الوسطى-دير البلح-مربع المشاعلة الغربي ومربع صالة سونستا للأفراح,MDB0003,INDAS_M010,FMDB0003_E003,الوسطى,,مناطق حصر جديدة,0.0,302.0,0.0,0.0,0.0,0.0,دير البلح,البركة,الوسطى,الوسطى-دير البلح-مربع المشاعلة الغربي ومربع صالة سونستا للأفراح,MDB0003,INDAS_M010,FMDB0003_E003,,302.0
الوسطى-دير البلح-مربع بوبع أرض القدرة وأبو هولي (الجعفراوي الغربي),MDB0003,INDAS_M014,FMDB0003_E004,الوسطى,,مناطق حصر جديدة,0.0,230.0,0.0,0.0,0.0,0.0,دير البلح,الجعفراوي / ابوهولي,الوسطى,الوسطى-دير البلح-مربع بوبع أرض القدرة وأبو هولي (الجعفراوي الغربي),MDB0003,INDAS_M014,FMDB0003_E004,,230.0
خانيونس-مربع محطة الأغا ومربع محطة عودة,KQA0001,INDAS_K007,FKQA0001_E001,خانيونس,,مناطق حصر جديدة,0.0,592.0,0.0,0.0,0.0,0.0,خانيونس,السطر,خانيونس,خانيونس-مربع محطة الأغا ومربع محطة عودة,KQA0001,INDAS_K007,FKQA0001_E001,,592.0
خانيونس-مربع مدرسة عيد الأغا وصالة بانوراما ومربع مسجد العباسي,KQA0001,INDAS_K008,FKQA0001_E002,خانيونس,,مناطق حصر جديدة,0.0,301.0,0.0,0.0,0.0,0.0,خانيونس,السطر,خانيونس,خانيونس-مربع مدرسة عيد الأغا وصالة بانوراما ومربع مسجد العباسي,KQA0001,INDAS_K008,FKQA0001_E002,,301.0
خانيونس-مربع مسجد الكتيبة ومربع الربوات العربية,KBS0002,INDAS_K013,FKBS0002_E001,خانيونس,,قيد الحصر,0.0,0.0,0.0,0.0,0.0,0.0,خانيونس,الكتيبة,خانيونس,خانيونس-مربع مسجد الكتيبة ومربع الربوات العربية,KBS0002,INDAS_K013,FKBS0002_E001,,0.0
خانيونس-مربع المحطة,KBS0002,INDAS_K014,FKBS0002_E002,خانيونس,,مناطق حصر جديدة,0.0,0.0,0.0,0.0,0.0,0.0,خانيونس,المحطة,خانيونس,خانيونس-مربع المحطة,KBS0002,INDAS_K014,FKBS0002_E002,,0.0
خانيونس-مربع مركز المدينة 1,KKY0004,INDAS_K020,FKKY0004_E001,خانيونس,,مناطق حصر جديدة,0.0,207.0,0.0,0.0,0.0,0.0,خانيونس,مركز المدينة,خانيونس,خانيونس-مربع مركز المدينة 1,KKY0004,INDAS_K020,FKKY0004_E001,,207.0
خانيونس-مربع مركز المدينة 2 ومربع حارة الشاعر ومدرسة عبد الرحمن الأغا,KKY0004,INDAS_K023,FKKY0004_E002,خانيونس,,مناطق حصر جديدة,0.0,0.0,0.0,0.0,0.0,0.0,خانيونس,مركز المدينة,خانيونس,خانيونس-مربع مركز المدينة 2 ومربع حارة الشاعر ومدرسة عبد الرحمن الأغا,KKY0004,INDAS_K023,FKKY0004_E002,,0.0
خانيونس-مربع مسجد أبو بكر الصديق,KKY0006,INDAS_K012,FKKY0006_E008,خانيونس,,مناطق حصر جديدة,0.0,292.0,0.0,0.0,0.0,0.0,خانيونس,الكتيبة,خانيونس,خانيونس-مربع مسجد أبو بكر الصديق,KKY0006,INDAS_K012,FKKY0006_E008,,292.0
خانيونس-مربع شارع الترنس ومربع شارع القدرة,KKY0006,INDAS_K016,FKKY0006_E019,خانيونس,,مناطق حصر جديدة,0.0,126.0,0.0,0.0,0.0,0.0,خانيونس,الأمل,خانيونس,خانيونس-مربع شارع الترنس ومربع شارع القدرة,KKY0006,INDAS_K016,FKKY0006_E019,,126.0
خانيونس-مربع بركة حي الأمل والعرايشية مربع مسجد حسن البنا,KKY0006,INDAS_K011,FKKY0006_E010,خانيونس,,مناطق حصر جديدة,0.0,45.0,0.0,0.0,0.0,0.0,خانيونس,الأمل,خانيونس,خانيونس-مربع بركة حي الأمل والعرايشية مربع مسجد حسن البنا,KKY0006,INDAS_K011,FKKY0006_E010,,45.0
خانيونس-مربع شارع الترنس ومربع شارع القدرة,KKY0006,INDAS_K016,FKKY0006_E011,خانيونس,,مناطق حصر جديدة,0.0,192.0,0.0,0.0,0.0,0.0,خانيونس,الأمل,خانيونس,خانيونس-مربع شارع الترنس ومربع شارع القدرة,KKY0006,INDAS_K016,FKKY0006_E011,,192.0
خانيونس-مربع إسكان حي الأمل ومربع مدرسة هارون الرشيد الثانوية,KKY0006,INDAS_K015,FKKY0006_E012,خانيونس,,مناطق حصر جديدة,0.0,354.0,0.0,0.0,0.0,0.0,خانيونس,الأمل,خانيونس,خانيونس-مربع إسكان حي الأمل ومربع مدرسة هارون الرشيد الثانوية,KKY0006,INDAS_K015,FKKY0006_E012,,354.0
خانيونس-المعسكر-مربع الهلال الأحمر ومربع المدارس,KKY0006,INDAS_K018,FKKY0006_E013,خانيونس,,قيد الحصر,0.0,0.0,0.0,0.0,0.0,0.0,خانيونس,المعسكر,خانيونس,خانيونس-المعسكر-مربع الهلال الأحمر ومربع المدارس,KKY0006,INDAS_K018,FKKY0006_E013,,0.0
خانيونس-المعسكر-مربع عيادة وكالة الظهرة ومربع بركة,KKY0007,INDAS_K017,FKKY0007_E001,خانيونس,,قيد الحصر,0.0,413.0,0.0,0.0,0.0,0.0,خانيونس,المعسكر,خانيونس,خانيونس-المعسكر-مربع عيادة وكالة الظهرة ومربع بركة,KKY0007,INDAS_K017,FKKY0007_E001,,413.0
خانيونس-مربع المشروع الهولندي والاماراتي1,KKY0007,INDAS_K010,FKKY0007_E002,خانيونس,,قيد الحصر,0.0,181.0,0.0,0.0,1.0,2.0,خانيونس,النصر,خانيونس,خانيونس-مربع المشروع الهولندي والاماراتي1,KKY0007,INDAS_K010,FKKY0007_E002,,181.0
خانيونس-المنطقة الواقعة بين كلية تدريب خانيونس والحي الياباني وحس البراق والاماراتي2,KKY0007,INDAS_K009,FKKY0007_E003,خانيونس,,قيد الحصر,0.0,0.0,0.0,0.0,1.0,2.0,خانيونس,النصر,خانيونس,خانيونس-المنطقة الواقعة بين كلية تدريب خانيونس والحي الياباني وحس البراق والاماراتي2,KKY0007,INDAS_K009,FKKY0007_E003,,0.0
خانيونس-مربع مستشفى ناصر وأبراج النمساوي ومربع حارة المجادلة,KKY0007,INDAS_K021,FKKY0007_E004,خانيونس,,قيد الحصر,81.0,512.0,0.0,15.82,1.0,0.0,خانيونس,المعسكر,خانيونس,خانيونس-مربع مستشفى ناصر وأبراج النمساوي ومربع حارة المجادلة,KKY0007,INDAS_K021,FKKY0007_E004,,512.0
خانيونس-المعسكر-مربع كراج رفح البطن السمين ومربع صالة روان للأفراح,KKY0006,INDAS_K022,FKKY0006_E014,خانيونس,,مناطق حصر جديدة,0.0,326.0,0.0,0.0,0.0,0.0,خانيونس,المعسكر,خانيونس,خانيونس-المعسكر-مربع كراج رفح البطن السمين ومربع صالة روان للأفراح,KKY0006,INDAS_K022,FKKY0006_E014,,326.0
خانيونس-مربع أبراج الفرا والمنطقة المقابر,KKY0006,INDAS_K024,FKKY0006_E015,خانيونس,,مناطق حصر جديدة,0.0,259.0,0.0,0.0,0.0,0.0,خانيونس,البطن السمين,خانيونس,خانيونس-مربع أبراج الفرا والمنطقة المقابر,KKY0006,INDAS_K024,FKKY0006_E015,,259.0
خانيونس-المواصي-مربع محطة الأسطل للبترول,KKY0007,INDAS_K004,FKKY0007_E005,خانيونس,,مناطق حصر جديدة,26.0,168.0,0.0,15.48,0.0,0.0,خانيونس,المواصي الشمالي,خانيونس,خانيونس-المواصي-مربع محطة الأسطل للبترول,KKY0007,INDAS_K004,FKKY0007_E005,,168.0
غزة-مربع أبراج الفيروز ومربع برج نجم,GGA0010,INDAS_G011,FGGA0010_E002,غزة,,مناطق حصر جديدة,0.0,251.0,0.0,0.0,0.0,0.0,غزة,النصر,غزة,غزة-مربع أبراج الفيروز ومربع برج نجم,GGA0010,INDAS_G011,FGGA0010_E002,,251.0
غزة-الشاطئ الشمالي,GGA0010,INDAS_G007,FGGA0010_E003,غزة,,مناطق حصر جديدة,0.0,146.0,0.0,0.0,0.0,0.0,غزة,مدينة العودة,غزة,غزة-الشاطئ الشمالي,GGA0010,INDAS_G007,FGGA0010_E003,,146.0
غزة-البلاخية,GGA0010,INDAS_G016,FGGA0010_E004,غزة,,مناطق حصر جديدة,0.0,219.0,0.0,0.0,0.0,0.0,غزة,البلاخية,غزة,غزة-البلاخية,GGA0010,INDAS_G016,FGGA0010_E004,,219.0
غزة-مخيم الشاطئ-مربع المسجد الغربي ومسجد التوحيد,GGA0010,INDAS_G017,FGGA0010_E005,غزة,,مناطق حصر جديدة,0.0,683.0,0.0,0.0,0.0,0.0,غزة,مخيم الشاطئ,غزة,غزة-مخيم الشاطئ-مربع المسجد الغربي ومسجد التوحيد,GGA0010,INDAS_G017,FGGA0010_E005,,683.0
غزة-مربع أبو حصيرة,GGA0008,INDAS_G021,FGGA0008_E016,غزة,,مناطق حصر جديدة,93.0,100.0,0.0,93.0,0.0,0.0,غزة,الرمال الجنوبي,غزة,غزة-مربع أبو حصيرة,GGA0008,INDAS_G021,FGGA0008_E016,,100.0
غزة-الرمال الجنوبي,GGA0008,INDAS_G023,FGGA0008_E017,غزة,,قيد الحصر,3.0,150.0,0.0,2.0,1.0,2.0,غزة,الرمال الجنوبي,غزة,غزة-الرمال الجنوبي,GGA0008,INDAS_G023,FGGA0008_E017,,150.0
غزة-مربع أنصار وعزبة الحمامية,GGA0007,INDAS_G031,FGGA0007_E008,غزة,,مناطق حصر جديدة,140.0,153.0,0.0,91.5,0.0,0.0,غزة,الرمال الجنوبي,غزة,غزة-مربع أنصار وعزبة الحمامية,GGA0007,INDAS_G031,FGGA0007_E008,,153.0
غزة-مربع مجلس الوزراء,GGA0007,INDAS_G040,FGGA0007_E009,غزة,,مناطق حصر جديدة,0.0,247.0,0.0,0.0,0.0,0.0,غزة,الشيخ عجلين,غزة,غزة-مربع مجلس الوزراء,GGA0007,INDAS_G040,FGGA0007_E009,,247.0
غزة-مربع مسجد السلام وأرض الريس,GGA0006,INDAS_G034,FGGA0006_E010,غزة,,قيد الحصر,49.0,162.0,0.0,30.25,1.0,2.0,غزة,الصبرة,غزة,غزة-مربع مسجد السلام وأرض الريس,GGA0006,INDAS_G034,FGGA0006_E010,,162.0
خانيونس-مربع مدينة حمد,KQA0001,INDAS_K006,FKQA0001_E003,خانيونس,,قيد الحصر,103.0,121.0,0.0,85.12,1.0,0.0,خانيونس,الجلاء,خانيونس,خانيونس-مربع مدينة حمد,KQA0001,INDAS_K006,FKQA0001_E003,,121.0
الوسطى-دير البلح-مربع مسجد الأبرار,MDB0003,INDAS_M012,FMDB0003_E005,الوسطى,,مناطق حصر جديدة,0.0,119.0,0.0,0.0,0.0,0.0,دير البلح,البركة,الوسطى,الوسطى-دير البلح-مربع مسجد الأبرار,MDB0003,INDAS_M012,FMDB0003_E005,,119.0
الوسطى-دير البلح-مربع أم ظهير ومسجد الرياطي,MDB0003,INDAS_M015,FMDB0003_E006,الوسطى,,مناطق حصر جديدة,0.0,142.0,0.0,0.0,0.0,0.0,دير البلح,الجعفراوي / ابوهولي,الوسطى,الوسطى-دير البلح-مربع أم ظهير ومسجد الرياطي,MDB0003,INDAS_M015,FMDB0003_E006,,142.0
الوسطى-وادي السلقا-مربع الجعفراوي ومربع حارة السعايدة والشرطة,MDB0003,INDAS_M016,FMDB0003_E007,الوسطى,,مناطق حصر جديدة,0.0,402.0,0.0,0.0,0.0,0.0,وادي السلقا,حي الجعفرواي,الوسطى,الوسطى-وادي السلقا-مربع الجعفراوي ومربع حارة السعايدة والشرطة,MDB0003,INDAS_M016,FMDB0003_E007,,402.0
خانيونس-مربع إسكان الياباني,KKY0007,INDAS_K005,FKKY0007_E006,خانيونس,,مناطق حصر جديدة,0.0,185.0,0.0,0.0,0.0,0.0,خانيونس,الجلاء,خانيونس,خانيونس-مربع إسكان الياباني,KKY0007,INDAS_K005,FKKY0007_E006,,185.0
خانيونس-البركة,KKY0007,INDAS_K003,FKKY0007_E007,خانيونس,,مناطق حصر جديدة,0.0,92.0,0.0,0.0,0.0,0.0,خانيونس,المواصي الشمالي,خانيونس,خانيونس-البركة,KKY0007,INDAS_K003,FKKY0007_E007,,92.0
الوسطى-دير البلح-مربع المشاعلة الشرقي ومربع مسجد البركة,MDB0003,INDAS_M011,FMDB0003_E008,الوسطى,,مناطق حصر جديدة,0.0,247.0,0.0,0.0,0.0,0.0,دير البلح,البركة,الوسطى,الوسطى-دير البلح-مربع المشاعلة الشرقي ومربع مسجد البركة,MDB0003,INDAS_M011,FMDB0003_E008,,247.0
غزة-مربع جامعة القدس المفتوحة,GGA0010,INDAS_G054,FGGA0010_E006,غزة,,مناطق حصر جديدة,39.0,285.0,0.0,13.68,0.0,0.0,غزة,النصر,غزة,غزة-مربع جامعة القدس المفتوحة,GGA0010,INDAS_G054,FGGA0010_E006,,285.0
الشمال-الكرامة,NJA0005,INDAS_N002,FNJA0005_E012,شمال غزة,مربع ليالينا ومربع مبنى السفينة,مناطق حصر جديدة,0.0,0.0,0.0,0.0,0.0,0.0,جباليا النزلة,الكرامة,شمال غزة,الشمال-الكرامة,NJA0005,INDAS_N002,FNJA0005_E012,مربع ليالينا ومربع مبنى السفينة,0.0
مربع مدرسة عوني الحرثاني و مصنع أبو حمرة,NJA0005,INDAS_N003,FNJA0005_E013,شمال غزة,,مناطق حصر جديدة,33.0,164.0,0.0,20.12,0.0,0.0,جباليا النزلة,الكرامة,شمال غزة,مربع مدرسة عوني الحرثاني و مصنع أبو حمرة,NJA0005,INDAS_N003,FNJA0005_E013,,164.0
مربع مدرسة عوني الحرثاني و مصنع أبو حمرة,NJA0005,INDAS_N003,FNJA0005_E014,شمال غزة,,مناطق حصر جديدة,9.0,123.0,0.0,7.32,0.0,0.0,جباليا النزلة,الكرامة,شمال غزة,مربع مدرسة عوني الحرثاني و مصنع أبو حمرة,NJA0005,INDAS_N003,FNJA0005_E014,,123.0
مربع أبراج الكرامة ومربع مسجد عيسى مراد,NJA0005,INDAS_N004,FNJA0005_E015,شمال غزة,,مناطق حصر جديدة,27.0,161.0,0.0,16.77,0.0,0.0,جباليا النزلة,الكرامة,شمال غزة,مربع أبراج الكرامة ومربع مسجد عيسى مراد,NJA0005,INDAS_N004,FNJA0005_E015,,161.0
الشمال- مربع الصفطاوي,NJA0005,INDAS_N006,FNJA0005_E016,شمال غزة,,تم الانتهاء,39.0,46.0,225.0,84.78,1.0,0.0,جباليا النزلة,عباد الرحمن,شمال غزة,الشمال- مربع الصفطاوي,NJA0005,INDAS_N006,FNJA0005_E016,,46.0
الشمال- مربع الصفطاوي,NJA0005,INDAS_N006,FNJA0005_E017,شمال غزة,,قيد الحصر,4.0,159.0,0.0,2.52,1.0,2.0,جباليا النزلة,عباد الرحمن,شمال غزة,الشمال- مربع الصفطاوي,NJA0005,INDAS_N006,FNJA0005_E017,,159.0
الشمال- مربع الصفطاوي,NJA0005,INDAS_N006,FNJA0005_E018,شمال غزة,,تم الانتهاء,27.0,29.0,133.0,93.1,0.0,0.0,جباليا النزلة,عباد الرحمن,شمال غزة,الشمال- مربع الصفطاوي,NJA0005,INDAS_N006,FNJA0005_E018,,29.0
الشمال-عباد الرحمن-مربع مدرسة أسامة بن زيد,NJA0005,INDAS_N005,FNJA0005_E019,شمال غزة,,قيد الحصر,0.0,0.0,0.0,0.0,1.0,2.0,جباليا النزلة,عباد الرحمن,شمال غزة,الشمال-عباد الرحمن-مربع مدرسة أسامة بن زيد,NJA0005,INDAS_N005,FNJA0005_E019,,0.0
الشمال-عباد الرحمن-مربع مدرسة أسامة بن زيد,NJA0005,INDAS_N005,FNJA0005_E020,شمال غزة,,مناطق حصر جديدة,3.0,173.0,0.0,1.73,0.0,0.0,جباليا النزلة,عباد الرحمن,شمال غزة,الشمال-عباد الرحمن-مربع مدرسة أسامة بن زيد,NJA0005,INDAS_N005,FNJA0005_E020,,173.0
الشمال-عباد الرحمن,NJA0005,INDAS_N001,FNJA0005_E006,شمال غزة,المنطقة ارض الشنطي الواقعة بين دوار الصاروخ ومفترق الامن العام ومفترق برج الاندلس,تم الانتهاء,93.0,96.0,442.0,96.88,1.0,0.0,جباليا النزلة,عباد الرحمن,شمال غزة,الشمال-عباد الرحمن,NJA0005,INDAS_N001,FNJA0005_E006,المنطقة ارض الشنطي الواقعة بين دوار الصاروخ ومفترق الامن العام ومفترق برج الاندلس,96.0
الشمال-عباد الرحمن,NJA0005,INDAS_N001,FNJA0005_E001,شمال غزة,المنطقة ارض الشنطي الواقعة بين دوار الصاروخ ومفترق الامن العام ومفترق برج الاندلس,قيد الحصر,145.0,192.0,0.0,75.52,1.0,2.0,جباليا النزلة,عباد الرحمن,شمال غزة,الشمال-عباد الرحمن,NJA0005,INDAS_N001,FNJA0005_E001,المنطقة ارض الشنطي الواقعة بين دوار الصاروخ ومفترق الامن العام ومفترق برج الاندلس,192.0
الشمال-عباد الرحمن,NJA0005,INDAS_N001,FNJA0005_E005,شمال غزة,المنطقة ارض الشنطي الواقعة بين دوار الصاروخ ومفترق الامن العام ومفترق برج الاندلس,تم الانتهاء,147.0,147.0,914.0,100.0,0.0,0.0,جباليا النزلة,عباد الرحمن,شمال غزة,الشمال-عباد الرحمن,NJA0005,INDAS_N001,FNJA0005_E005,المنطقة ارض الشنطي الواقعة بين دوار الصاروخ ومفترق الامن العام ومفترق برج الاندلس,147.0
الشمال-عباد الرحمن,NJA0005,INDAS_N001,FNJA0005_E003,شمال غزة,المنطقة ارض الشنطي الواقعة بين دوار الصاروخ ومفترق الامن العام ومفترق برج الاندلس,تم الانتهاء,133.0,133.0,838.0,100.0,0.0,0.0,جباليا النزلة,عباد الرحمن,شمال غزة,الشمال-عباد الرحمن,NJA0005,INDAS_N001,FNJA0005_E003,المنطقة ارض الشنطي الواقعة بين دوار الصاروخ ومفترق الامن العام ومفترق برج الاندلس,133.0
الشمال-عباد الرحمن,NJA0005,INDAS_N001,FNJA0005_E004,شمال غزة,المنطقة ارض الشنطي الواقعة بين دوار الصاروخ ومفترق الامن العام ومفترق برج الاندلس,قيد الحصر,97.0,123.0,0.0,78.86,1.0,2.0,جباليا النزلة,عباد الرحمن,شمال غزة,الشمال-عباد الرحمن,NJA0005,INDAS_N001,FNJA0005_E004,المنطقة ارض الشنطي الواقعة بين دوار الصاروخ ومفترق الامن العام ومفترق برج الاندلس,123.0
غزة-الشيخ رضوان,GGA0009,INDAS_G002,FGGA0009_E003,غزة,المنطقة بين الشارع الاول والتاني ويمتد من مفترق الشيخ رضوان مع الجلاء وصولا لشارع النصر بين مفترق بهلول ومفترق النادي الاهلي,تم الانتهاء,162.0,171.0,1197.0,94.74,0.0,0.0,غزة,الشيخ رضوان,غزة,غزة-الشيخ رضوان,GGA0009,INDAS_G002,FGGA0009_E003,المنطقة بين الشارع الاول والتاني ويمتد من مفترق الشيخ رضوان مع الجلاء وصولا لشارع النصر بين مفترق بهلول ومفترق النادي الاهلي,171.0
غزة-مربع مستشفى العيون ومدرسة النصر,GGA0009,INDAS_G012,FGGA0009_E010,غزة,,مناطق حصر جديدة,146.0,151.0,0.0,96.69,0.0,0.0,غزة,النصر,غزة,غزة-مربع مستشفى العيون ومدرسة النصر,GGA0009,INDAS_G012,FGGA0009_E010,,151.0
غزة-مربع مستشفى العيون ومدرسة النصر,GGA0009,INDAS_G012,FGGA0009_E011,غزة,,مناطق حصر جديدة,0.0,123.0,0.0,0.0,0.0,0.0,غزة,النصر,غزة,غزة-مربع مستشفى العيون ومدرسة النصر,GGA0009,INDAS_G012,FGGA0009_E011,,123.0
غزة-المنطقة التي تجمع بين مربع الجسر -عيادة وكالة الشيخ رضوان - مربع القسطل-مربع مسجد حطين,GGA0009,INDAS_G013,FGGA0009_E012,غزة,,قيد الحصر,0.0,0.0,0.0,0.0,0.0,0.0,غزة,النصر,غزة,غزة-المنطقة التي تجمع بين مربع الجسر -عيادة وكالة الشيخ رضوان - مربع القسطل-مربع مسجد حطين,GGA0009,INDAS_G013,FGGA0009_E012,,0.0
غزة-المنطقة التي تجمع بين مربع الجسر -عيادة وكالة الشيخ رضوان - مربع القسطل-مربع مسجد حطين,GGA0009,INDAS_G013,FGGA0009_E014,غزة,,قيد الحصر,28.0,177.0,0.0,15.82,1.0,2.0,غزة,الشيخ رضوان,غزة,غزة-المنطقة التي تجمع بين مربع الجسر -عيادة وكالة الشيخ رضوان - مربع القسطل-مربع مسجد حطين,GGA0009,INDAS_G013,FGGA0009_E014,,177.0
غزة-مربع أبو علبة ومسجد اليرموك,GGA0005,INDAS_G052,FGGA0005_E006,غزة,,قيد الحصر,51.0,226.0,0.0,22.57,1.0,3.0,غزة,النصر,غزة,غزة-مربع أبو علبة ومسجد اليرموك,GGA0005,INDAS_G052,FGGA0005_E006,,226.0
غزة-مربع نادي الهلال الرياضي,GGA0005,INDAS_G015,FGGA0005_E008,غزة,,مناطق حصر جديدة,0.0,283.0,0.0,0.0,0.0,0.0,غزة,الدرج,غزة,غزة-مربع نادي الهلال الرياضي,GGA0005,INDAS_G015,FGGA0005_E008,,283.0
غزة-مربع الزهارنة ومربع المشاهرة,GGA0005,INDAS_G020,FGGA0005_E009,غزة,,مناطق حصر جديدة,0.0,356.0,0.0,0.0,0.0,0.0,غزة,الدرج,غزة,غزة-مربع الزهارنة ومربع المشاهرة,GGA0005,INDAS_G020,FGGA0005_E009,,356.0
غزة-مربع مدرسة موسى بن نصير,GGA0005,INDAS_G050,FGGA0005_E010,غزة,,مناطق حصر جديدة,0.0,209.0,0.0,0.0,0.0,0.0,غزة,الدرج,غزة,غزة-مربع مدرسة موسى بن نصير,GGA0005,INDAS_G050,FGGA0005_E010,,209.0
غزة-مربع مدرسة موسى بن نصير,GGA0005,INDAS_G050,FGGA0005_E011,غزة,,مناطق حصر جديدة,0.0,62.0,0.0,0.0,0.0,0.0,غزة,الدرج,غزة,غزة-مربع مدرسة موسى بن نصير,GGA0005,INDAS_G050,FGGA0005_E011,,62.0
غزة-مربع مدرسة موسى بن نصير,GGA0005,INDAS_G050,FGGA0005_E012,غزة,,مناطق حصر جديدة,0.0,96.0,0.0,0.0,0.0,0.0,غزة,الدرج,غزة,غزة-مربع مدرسة موسى بن نصير,GGA0005,INDAS_G050,FGGA0005_E012,,96.0
غزة-مربع فهمي الجرجاوي والفواخير,GGA0006,INDAS_G029,FGGA0006_E011,غزة,,مناطق حصر جديدة,0.0,132.0,0.0,0.0,0.0,0.0,غزة,الدرج,غزة,غزة-مربع فهمي الجرجاوي والفواخير,GGA0006,INDAS_G029,FGGA0006_E011,,132.0
غزة-مربع فهمي الجرجاوي والفواخير,GGA0006,INDAS_G029,FGGA0006_E012,غزة,,مناطق حصر جديدة,0.0,275.0,0.0,0.0,0.0,0.0,غزة,الدرج,غزة,غزة-مربع فهمي الجرجاوي والفواخير,GGA0006,INDAS_G029,FGGA0006_E012,,275.0
غزة-مربع فهمي الجرجاوي والفواخير,GGA0006,INDAS_G029,FGGA0006_E013,غزة,,مناطق حصر جديدة,0.0,168.0,0.0,0.0,0.0,0.0,غزة,الدرج,غزة,غزة-مربع فهمي الجرجاوي والفواخير,GGA0006,INDAS_G029,FGGA0006_E013,,168.0
غزة-مربع مكتبة البلدية العامة ومربع أبو خضرة,GGA0006,INDAS_G027,FGGA0006_E014,غزة,,مناطق حصر جديدة,0.0,292.0,0.0,0.0,0.0,0.0,غزة,الرمال الشمالي,غزة,غزة-مربع مكتبة البلدية العامة ومربع أبو خضرة,GGA0006,INDAS_G027,FGGA0006_E014,,292.0
غزة-مربع مكتبة البلدية العامة ومربع أبو خضرة,GGA0006,INDAS_G027,FGGA0006_E015,غزة,,مناطق حصر جديدة,0.0,298.0,0.0,0.0,0.0,0.0,غزة,الدرج,غزة,غزة-مربع مكتبة البلدية العامة ومربع أبو خضرة,GGA0006,INDAS_G027,FGGA0006_E015,,298.0
غزة-مربع ملعب فلسطين ومربع برج الشوا والحصري,GGA0008,INDAS_G026,FGGA0008_E018,غزة,,قيد الحصر,0.0,0.0,0.0,0.0,0.0,0.0,غزة,الرمال الشمالي,غزة,غزة-مربع ملعب فلسطين ومربع برج الشوا والحصري,GGA0008,INDAS_G026,FGGA0008_E018,,0.0
غزة-الرمال الشمالي-مربع فلسطين,GGA0008,INDAS_G003,FGGA0008_E008,غزة,المنطقة بين شارع الجلاء مفترق الغفري الى محطة البربري وبين شارع النصر من مسجد الحبيب محمد الى محلات البسمة,قيد الحصر,88.0,216.0,0.0,40.74,1.0,2.0,غزة,الرمال الشمالي,غزة,غزة-الرمال الشمالي-مربع فلسطين,GGA0008,INDAS_G003,FGGA0008_E008,المنطقة بين شارع الجلاء مفترق الغفري الى محطة البربري وبين شارع النصر من مسجد الحبيب محمد الى محلات البسمة,216.0
غزة-الرمال الشمالي-مربع فلسطين,GGA0008,INDAS_G003,FGGA0008_E010,غزة,المنطقة بين شارع الجلاء مفترق الغفري الى محطة البربري وبين شارع النصر من مسجد الحبيب محمد الى محلات البسمة,قيد الحصر,0.0,0.0,0.0,0.0,1.0,2.0,غزة,الرمال الشمالي,غزة,غزة-الرمال الشمالي-مربع فلسطين,GGA0008,INDAS_G003,FGGA0008_E010,المنطقة بين شارع الجلاء مفترق الغفري الى محطة البربري وبين شارع النصر من مسجد الحبيب محمد الى محلات البسمة,0.0
غزة-الرمال الشمالي-مربع فلسطين,GGA0008,INDAS_G003,FGGA0008_E007,غزة,المنطقة بين شارع الجلاء مفترق الغفري الى محطة البربري وبين شارع النصر من مسجد الحبيب محمد الى محلات البسمة,تم الانتهاء,209.0,224.0,1138.0,93.3,0.0,0.0,غزة,الرمال الشمالي,غزة,غزة-الرمال الشمالي-مربع فلسطين,GGA0008,INDAS_G003,FGGA0008_E007,المنطقة بين شارع الجلاء مفترق الغفري الى محطة البربري وبين شارع النصر من مسجد الحبيب محمد الى محلات البسمة,224.0
غزة-مربع أبراج المقوسي وأبراج المخابرات,GGA0009,INDAS_G008,FGGA0009_E015,غزة,,مناطق حصر جديدة,0.0,337.0,0.0,0.0,0.0,0.0,غزة,حي المرابطين,غزة,غزة-مربع أبراج المقوسي وأبراج المخابرات,GGA0009,INDAS_G008,FGGA0009_E015,,337.0
غزة-مربع أبراج الفيروز ومربع برج نجم,GGA0010,INDAS_G011,FGGA0010_E007,غزة,,مناطق حصر جديدة,0.0,196.0,0.0,0.0,0.0,0.0,غزة,النصر,غزة,غزة-مربع أبراج الفيروز ومربع برج نجم,GGA0010,INDAS_G011,FGGA0010_E007,,196.0
غزة-مربع أبراج الفيروز ومربع برج نجم,GGA0010,INDAS_G011,FGGA0010_E008,غزة,,مناطق حصر جديدة,0.0,185.0,0.0,0.0,0.0,0.0,غزة,النصر,غزة,غزة-مربع أبراج الفيروز ومربع برج نجم,GGA0010,INDAS_G011,FGGA0010_E008,,185.0
غزة-مربع أبراج الفيروز ومربع برج نجم,GGA0010,INDAS_G011,FGGA0010_E009,غزة,,مناطق حصر جديدة,0.0,183.0,0.0,0.0,0.0,0.0,غزة,النصر,غزة,غزة-مربع أبراج الفيروز ومربع برج نجم,GGA0010,INDAS_G011,FGGA0010_E009,,183.0
غزة-مربع جامعة القدس المفتوحة,GGA0010,INDAS_G054,FGGA0010_E010,غزة,,مناطق حصر جديدة,0.0,242.0,0.0,0.0,0.0,0.0,غزة,النصر,غزة,غزة-مربع جامعة القدس المفتوحة,GGA0010,INDAS_G054,FGGA0010_E010,,242.0
غزة-الزيتون-مربع مسجد علي بن ابي طالب ومنطقة السموني,GZA0004,INDAS_G047,FGZA0004_E008,غزة,,مناطق حصر جديدة,0.0,84.0,0.0,0.0,0.0,0.0,غزة,الزيتون,غزة,غزة-الزيتون-مربع مسجد علي بن ابي طالب ومنطقة السموني,GZA0004,INDAS_G047,FGZA0004_E008,,84.0
غزة-الزيتون-مربع مسجد علي بن ابي طالب ومنطقة السموني,GZA0004,INDAS_G047,FGZA0004_E009,غزة,,مناطق حصر جديدة,0.0,243.0,0.0,0.0,0.0,0.0,غزة,الزيتون,غزة,غزة-الزيتون-مربع مسجد علي بن ابي طالب ومنطقة السموني,GZA0004,INDAS_G047,FGZA0004_E009,,243.0
غزة-الزيتون-مربع مسجد علي بن ابي طالب ومنطقة السموني,GZA0004,INDAS_G047,FGZA0004_E010,غزة,,مناطق حصر جديدة,0.0,170.0,0.0,0.0,0.0,0.0,غزة,الزيتون,غزة,غزة-الزيتون-مربع مسجد علي بن ابي طالب ومنطقة السموني,GZA0004,INDAS_G047,FGZA0004_E010,,170.0
غزة-مربع النديم,GGA0002,INDAS_G044,FGGA0002_E008,غزة,,مناطق حصر جديدة,272.0,318.0,0.0,85.53,0.0,0.0,غزة,الزيتون,غزة,غزة-مربع النديم,GGA0002,INDAS_G044,FGGA0002_E008,,318.0
غزة-مربع النديم,GGA0002,INDAS_G044,FGGA0002_E009,غزة,,مناطق حصر جديدة,131.0,283.0,0.0,46.29,0.0,0.0,غزة,الزيتون,غزة,غزة-مربع النديم,GGA0002,INDAS_G044,FGGA0002_E009,,283.0
غزة-الزيتون مربع الدحدوح والقرية البدوية,GZA0004,INDAS_G046,FGZA0004_E011,غزة,,مناطق حصر جديدة,242.0,502.0,0.0,48.21,0.0,0.0,غزة,الزيتون,غزة,غزة-الزيتون مربع الدحدوح والقرية البدوية,GZA0004,INDAS_G046,FGZA0004_E011,,502.0
غزة-الزيتون مربع الدحدوح والقرية البدوية,GZA0004,INDAS_G046,FGZA0004_E012,غزة,,مناطق حصر جديدة,0.0,295.0,0.0,0.0,0.0,0.0,غزة,الزيتون,غزة,غزة-الزيتون مربع الدحدوح والقرية البدوية,GZA0004,INDAS_G046,FGZA0004_E012,,295.0
غزة-الزيتون مربع الدحدوح والقرية البدوية,GZA0004,INDAS_G046,FGZA0004_E013,غزة,,مناطق حصر جديدة,0.0,119.0,0.0,0.0,0.0,0.0,غزة,الزيتون,غزة,غزة-الزيتون مربع الدحدوح والقرية البدوية,GZA0004,INDAS_G046,FGZA0004_E013,,119.0
غزة-مربع أبراج تل الهوى,GGA0007,INDAS_G042,FGGA0007_E010,غزة,,مناطق حصر جديدة,0.0,164.0,0.0,0.0,0.0,0.0,غزة,تل الهوى,غزة,غزة-مربع أبراج تل الهوى,GGA0007,INDAS_G042,FGGA0007_E010,,164.0
غزة-مربع أبراج تل الهوى,GGA0007,INDAS_G042,FGGA0007_E011,غزة,,مناطق حصر جديدة,0.0,60.0,0.0,0.0,0.0,0.0,غزة,تل الهوى,غزة,غزة-مربع أبراج تل الهوى,GGA0007,INDAS_G042,FGGA0007_E011,,60.0
غزة-مربع أبراج تل الهوى,GGA0007,INDAS_G042,FGGA0007_E012,غزة,,مناطق حصر جديدة,37.0,98.0,0.0,37.76,0.0,0.0,غزة,تل الهوى,غزة,غزة-مربع أبراج تل الهوى,GGA0007,INDAS_G042,FGGA0007_E012,,98.0
غزة-المنطقة الواقعة بين مربع مسجد الشمعة ومربع كشكو,GGA0002,INDAS_G039,FGGA0002_E010,غزة,,مناطق حصر جديدة,0.0,185.0,0.0,0.0,0.0,0.0,غزة,الزيتون,غزة,غزة-المنطقة الواقعة بين مربع مسجد الشمعة ومربع كشكو,GGA0002,INDAS_G039,FGGA0002_E010,,185.0
غزة-المنطقة الواقعة بين مربع مسجد الشمعة ومربع كشكو,GGA0002,INDAS_G039,FGGA0002_E011,غزة,,مناطق حصر جديدة,0.0,306.0,0.0,0.0,0.0,0.0,غزة,الشجاعية_ التركمان,غزة,غزة-المنطقة الواقعة بين مربع مسجد الشمعة ومربع كشكو,GGA0002,INDAS_G039,FGGA0002_E011,,306.0
غزة-مربع البرهام,GGA0002,INDAS_G038,FGGA0002_E012,غزة,,مناطق حصر جديدة,67.0,403.0,0.0,16.63,0.0,0.0,غزة,الزيتون,غزة,غزة-مربع البرهام,GGA0002,INDAS_G038,FGGA0002_E012,,403.0
غزة-مربع سوق فراس ومستشفى المعمداني,GGA0002,INDAS_G030,FGGA0002_E013,غزة,,مناطق حصر جديدة,0.0,265.0,0.0,0.0,0.0,0.0,غزة,الصبرة,غزة,غزة-مربع سوق فراس ومستشفى المعمداني,GGA0002,INDAS_G030,FGGA0002_E013,,265.0
غزة-مربع عسقولة,GGA0002,INDAS_G037,FGGA0002_E014,غزة,,مناطق حصر جديدة,0.0,192.0,0.0,0.0,0.0,0.0,غزة,الزيتون,غزة,غزة-مربع عسقولة,GGA0002,INDAS_G037,FGGA0002_E014,,192.0
غزة-مربع عسقولة,GGA0002,INDAS_G037,FGGA0002_E015,غزة,,مناطق حصر جديدة,155.0,256.0,0.0,60.55,0.0,0.0,غزة,الزيتون,غزة,غزة-مربع عسقولة,GGA0002,INDAS_G037,FGGA0002_E015,,256.0
غزة-مربع عسقولة,GGA0002,INDAS_G037,FGGA0002_E016,غزة,,مناطق حصر جديدة,52.0,105.0,0.0,49.52,0.0,0.0,غزة,الصبرة,غزة,غزة-مربع عسقولة,GGA0002,INDAS_G037,FGGA0002_E016,,105.0
غزة-مربع عمو عماد ومربع مركز صحي الصبرة,GGA0002,INDAS_G036,FGGA0002_E017,غزة,,مناطق حصر جديدة,0.0,138.0,0.0,0.0,0.0,0.0,غزة,الصبرة,غزة,غزة-مربع عمو عماد ومربع مركز صحي الصبرة,GGA0002,INDAS_G036,FGGA0002_E017,,138.0
غزة-مربع عمو عماد ومربع مركز صحي الصبرة,GGA0002,INDAS_G036,FGGA0002_E018,غزة,,مناطق حصر جديدة,81.0,239.0,0.0,33.89,0.0,0.0,غزة,الزيتون,غزة,غزة-مربع عمو عماد ومربع مركز صحي الصبرة,GGA0002,INDAS_G036,FGGA0002_E018,,239.0
غزة-مربع عبدالله عزام وبيارة الدهشان,GGA0006,INDAS_G035,FGGA0006_E016,غزة,,مناطق حصر جديدة,103.0,258.0,0.0,39.92,0.0,0.0,غزة,الزيتون,غزة,غزة-مربع عبدالله عزام وبيارة الدهشان,GGA0006,INDAS_G035,FGGA0006_E016,,258.0
غزة-مربع عبدالله عزام وبيارة الدهشان,GGA0006,INDAS_G035,FGGA0006_E017,غزة,,مناطق حصر جديدة,95.0,345.0,0.0,27.54,0.0,0.0,غزة,الزيتون,غزة,غزة-مربع عبدالله عزام وبيارة الدهشان,GGA0006,INDAS_G035,FGGA0006_E017,,345.0
غزة-تل الهوى-المستشفى الأردني,GGA0007,INDAS_G005,FGGA0007_E001,غزة,المنطقة بين شارع الصناعة مطعم الأصيل الى شارع المغربي  وصولا الى برشلونة,قيد الحصر,92.0,143.0,0.0,64.34,0.0,0.0,غزة,تل الهوى,غزة,غزة-تل الهوى-المستشفى الأردني,GGA0007,INDAS_G005,FGGA0007_E001,المنطقة بين شارع الصناعة مطعم الأصيل الى شارع المغربي  وصولا الى برشلونة,143.0
غزة-تل الهوى-المستشفى الأردني,GGA0007,INDAS_G005,FGGA0007_E002,غزة,المنطقة بين شارع الصناعة مطعم الأصيل الى شارع المغربي  وصولا الى برشلونة,تم الانتهاء,160.0,168.0,736.0,95.24,1.0,0.0,غزة,الصبرة,غزة,غزة-تل الهوى-المستشفى الأردني,GGA0007,INDAS_G005,FGGA0007_E002,المنطقة بين شارع الصناعة مطعم الأصيل الى شارع المغربي  وصولا الى برشلونة,168.0
غزة-مربع مسجد السلام وأرض الريس,GGA0006,INDAS_G034,FGGA0006_E018,غزة,,قيد الحصر,98.0,139.0,0.0,70.5,1.0,2.0,غزة,الصبرة,غزة,غزة-مربع مسجد السلام وأرض الريس,GGA0006,INDAS_G034,FGGA0006_E018,,139.0
غزة-مربع مسجد السلام وأرض الريس,GGA0006,INDAS_G034,FGGA0006_E019,غزة,,قيد الحصر,54.0,138.0,0.0,39.13,1.0,2.0,غزة,الصبرة,غزة,غزة-مربع مسجد السلام وأرض الريس,GGA0006,INDAS_G034,FGGA0006_E019,,138.0
غزة-مربع مسجد السلام وأرض الريس,GGA0006,INDAS_G034,FGGA0006_E020,غزة,,تم الانتهاء,103.0,107.0,576.0,96.26,0.0,0.0,غزة,الصبرة,غزة,غزة-مربع مسجد السلام وأرض الريس,GGA0006,INDAS_G034,FGGA0006_E020,,107.0
غزة-مربع شملخ ومسجد مصعب بن عمير,GZA0004,INDAS_G045,FGZA0004_E014,غزة,,مناطق حصر جديدة,0.0,167.0,0.0,0.0,0.0,0.0,غزة,الشيخ عجلين,غزة,غزة-مربع شملخ ومسجد مصعب بن عمير,GZA0004,INDAS_G045,FGZA0004_E014,,167.0
غزة-مربع مجلس الوزراء,GGA0007,INDAS_G040,FGGA0007_E013,غزة,,مناطق حصر جديدة,0.0,11.0,0.0,0.0,0.0,0.0,غزة,الشيخ عجلين,غزة,غزة-مربع مجلس الوزراء,GGA0007,INDAS_G040,FGGA0007_E013,,11.0
غزة-مربع مجلس الوزراء,GGA0007,INDAS_G040,FGGA0007_E014,غزة,,مناطق حصر جديدة,0.0,170.0,0.0,0.0,0.0,0.0,غزة,الشيخ عجلين,غزة,غزة-مربع مجلس الوزراء,GGA0007,INDAS_G040,FGGA0007_E014,,170.0
غزة-مربع مسجد الفلاح,GGA0007,INDAS_G041,FGGA0007_E015,غزة,,قيد الحصر,54.0,169.0,0.0,31.95,1.0,4.0,غزة,الشيخ عجلين,غزة,غزة-مربع مسجد الفلاح,GGA0007,INDAS_G041,FGGA0007_E015,,169.0
غزة-مربع أنصار وعزبة الحمامية,GGA0007,INDAS_G031,FGGA0007_E016,غزة,,مناطق حصر جديدة,0.0,28.0,0.0,0.0,0.0,0.0,غزة,الرمال الجنوبي,غزة,غزة-مربع أنصار وعزبة الحمامية,GGA0007,INDAS_G031,FGGA0007_E016,,28.0
غزة-مربع أنصار وعزبة الحمامية,GGA0007,INDAS_G031,FGGA0007_E017,غزة,,مناطق حصر جديدة,0.0,190.0,0.0,0.0,0.0,0.0,غزة,الرمال الجنوبي,غزة,غزة-مربع أنصار وعزبة الحمامية,GGA0007,INDAS_G031,FGGA0007_E017,,190.0
غزة-مربع الكتيبة,GGA0007,INDAS_G032,FGGA0007_E018,غزة,,قيد الحصر,59.0,173.0,0.0,34.1,1.0,2.0,غزة,الرمال الجنوبي,غزة,غزة-مربع الكتيبة,GGA0007,INDAS_G032,FGGA0007_E018,,173.0
غزة-مربع الجامعات ومربع الاذاعة والتلفزيون القديم,GGA0007,INDAS_G033,FGGA0007_E019,غزة,,قيد الحصر,131.0,193.0,0.0,67.88,1.0,3.0,غزة,الرمال الجنوبي,غزة,غزة-مربع الجامعات ومربع الاذاعة والتلفزيون القديم,GGA0007,INDAS_G033,FGGA0007_E019,,193.0
غزة-مربع الجامعات ومربع الاذاعة والتلفزيون القديم,GGA0007,INDAS_G033,FGGA0007_E020,غزة,,مناطق حصر جديدة,0.0,0.0,0.0,0.0,0.0,0.0,غزة,الرمال الجنوبي,غزة,غزة-مربع الجامعات ومربع الاذاعة والتلفزيون القديم,GGA0007,INDAS_G033,FGGA0007_E020,,0.0
غزة-الشهداء,GGA0008,INDAS_G024,FGGA0008_E019,غزة,,قيد الحصر,64.0,140.0,0.0,45.71,1.0,2.0,غزة,الرمال الجنوبي,غزة,غزة-الشهداء,GGA0008,INDAS_G024,FGGA0008_E019,,140.0
غزة-الرمال الجنوبي,GGA0008,INDAS_G023,FGGA0008_E020,غزة,,قيد الحصر,30.0,129.0,0.0,23.26,1.0,2.0,غزة,الرمال الجنوبي,غزة,غزة-الرمال الجنوبي,GGA0008,INDAS_G023,FGGA0008_E020,,129.0
غزة-مربع الميناء,GGA0008,INDAS_G022,FGGA0008_E021,غزة,,مناطق حصر جديدة,0.0,110.0,0.0,0.0,0.0,0.0,غزة,الرمال الجنوبي,غزة,غزة-مربع الميناء,GGA0008,INDAS_G022,FGGA0008_E021,,110.0
غزة-الشاطئ الشمالي,GGA0010,INDAS_G007,FGGA0010_E017,غزة,,مناطق حصر جديدة,0.0,443.0,0.0,0.0,0.0,0.0,غزة,مخيم الشاطئ,غزة,غزة-الشاطئ الشمالي,GGA0010,INDAS_G007,FGGA0010_E017,,443.0
غزة-مخيم الشاطئ-مربع المسجد الغربي ومسجد التوحيد,GGA0010,INDAS_G017,FGGA0010_E011,غزة,,مناطق حصر جديدة,0.0,286.0,0.0,0.0,0.0,0.0,غزة,الرمال الشمالي,غزة,غزة-مخيم الشاطئ-مربع المسجد الغربي ومسجد التوحيد,GGA0010,INDAS_G017,FGGA0010_E011,,286.0
غزة-مخيم الشاطئ-مربع المسجد الغربي ومسجد التوحيد,GGA0010,INDAS_G017,FGGA0010_E012,غزة,,مناطق حصر جديدة,0.0,475.0,0.0,0.0,0.0,0.0,غزة,مخيم الشاطئ,غزة,غزة-مخيم الشاطئ-مربع المسجد الغربي ومسجد التوحيد,GGA0010,INDAS_G017,FGGA0010_E012,,475.0
غزة-شرق مخيم الشاطئ,GGA0010,INDAS_G018,FGGA0010_E013,غزة,,مناطق حصر جديدة,0.0,467.0,0.0,0.0,0.0,0.0,غزة,مخيم الشاطئ,غزة,غزة-شرق مخيم الشاطئ,GGA0010,INDAS_G018,FGGA0010_E013,,467.0
غزة-شرق مخيم الشاطئ,GGA0010,INDAS_G018,FGGA0010_E014,غزة,,مناطق حصر جديدة,0.0,442.0,0.0,0.0,0.0,0.0,غزة,الرمال الشمالي,غزة,غزة-شرق مخيم الشاطئ,GGA0010,INDAS_G018,FGGA0010_E014,,442.0
غزة-البلاخية,GGA0010,INDAS_G016,FGGA0010_E015,غزة,,مناطق حصر جديدة,0.0,129.0,0.0,0.0,0.0,0.0,غزة,مخيم الشاطئ,غزة,غزة-البلاخية,GGA0010,INDAS_G016,FGGA0010_E015,,129.0
غزة-الشاطئ الشمالي,GGA0010,INDAS_G007,FGGA0010_E016,غزة,,مناطق حصر جديدة,0.0,344.0,0.0,0.0,0.0,0.0,غزة,مخيم الشاطئ,غزة,غزة-الشاطئ الشمالي,GGA0010,INDAS_G007,FGGA0010_E016,,344.0
غزة-الشاطئ الشمالي,GGA0010,INDAS_G007,FGGA0010_E018,غزة,,مناطق حصر جديدة,0.0,400.0,0.0,0.0,0.0,0.0,غزة,مخيم الشاطئ,غزة,غزة-الشاطئ الشمالي,GGA0010,INDAS_G007,FGGA0010_E018,,400.0
غزة-مربع عايدية ومربع كرم مصلحة,GGA0008,INDAS_G019,FGGA0008_E023,غزة,,مناطق حصر جديدة,0.0,294.0,0.0,0.0,0.0,0.0,غزة,الرمال الشمالي,غزة,غزة-مربع عايدية ومربع كرم مصلحة,GGA0008,INDAS_G019,FGGA0008_E023,,294.0
غزة-منطقة الشفاء,GGA0008,INDAS_G001,FGGA0008_E001,غزة,المنطقة محيط مجمع الشفاء,تم الانتهاء,141.0,141.0,699.0,100.0,0.0,0.0,غزة,الرمال الشمالي,غزة,غزة-منطقة الشفاء,GGA0008,INDAS_G001,FGGA0008_E001,المنطقة محيط مجمع الشفاء,141.0
غزة-منطقة الشفاء,GGA0008,INDAS_G001,FGGA0008_E004,غزة,المنطقة محيط مجمع الشفاء,تم الانتهاء,69.0,71.0,393.0,97.18,0.0,0.0,غزة,الرمال الشمالي,غزة,غزة-منطقة الشفاء,GGA0008,INDAS_G001,FGGA0008_E004,المنطقة محيط مجمع الشفاء,71.0
غزة-منطقة الشفاء,GGA0008,INDAS_G001,FGGA0008_E005,غزة,المنطقة محيط مجمع الشفاء,تم الانتهاء,76.0,76.0,637.0,100.0,0.0,0.0,غزة,الرمال الشمالي,غزة,غزة-منطقة الشفاء,GGA0008,INDAS_G001,FGGA0008_E005,المنطقة محيط مجمع الشفاء,76.0
غزة-منطقة الشفاء,GGA0008,INDAS_G001,FGGA0008_E003,غزة,المنطقة محيط مجمع الشفاء,تم الانتهاء,82.0,82.0,485.0,100.0,0.0,0.0,غزة,الرمال الشمالي,غزة,غزة-منطقة الشفاء,GGA0008,INDAS_G001,FGGA0008_E003,المنطقة محيط مجمع الشفاء,82.0
غزة-منطقة الشفاء,GGA0008,INDAS_G001,FGGA0008_E002,غزة,المنطقة محيط مجمع الشفاء,تم الانتهاء,105.0,105.0,608.0,100.0,0.0,0.0,غزة,الرمال الشمالي,غزة,غزة-منطقة الشفاء,GGA0008,INDAS_G001,FGGA0008_E002,المنطقة محيط مجمع الشفاء,105.0
غزة-الرمال الجنوبي-ابو الكاس,GGA0006,INDAS_G004,FGGA0006_E004,غزة,المنطقة بين بداية شارع الشهداء  الى (اصدقاء المريض) وشارع جمال عبد الناصر من مفترق الطيران الى مفترق الجامعة الاسلامية,تم الانتهاء,89.0,89.0,613.0,100.0,0.0,0.0,غزة,الرمال الجنوبي,غزة,غزة-الرمال الجنوبي-ابو الكاس,GGA0006,INDAS_G004,FGGA0006_E004,المنطقة بين بداية شارع الشهداء  الى (اصدقاء المريض) وشارع جمال عبد الناصر من مفترق الطيران الى مفترق الجامعة الاسلامية,89.0
غزة-الرمال الجنوبي-ابو الكاس,GGA0006,INDAS_G004,FGGA0006_E001,غزة,المنطقة بين بداية شارع الشهداء  الى (اصدقاء المريض) وشارع جمال عبد الناصر من مفترق الطيران الى مفترق الجامعة الاسلامية,تم الانتهاء,77.0,85.0,383.0,90.59,0.0,0.0,غزة,الرمال الجنوبي,غزة,غزة-الرمال الجنوبي-ابو الكاس,GGA0006,INDAS_G004,FGGA0006_E001,المنطقة بين بداية شارع الشهداء  الى (اصدقاء المريض) وشارع جمال عبد الناصر من مفترق الطيران الى مفترق الجامعة الاسلامية,85.0
غزة-الرمال الجنوبي-ابو الكاس,GGA0006,INDAS_G004,FGGA0006_E003,غزة,المنطقة بين بداية شارع الشهداء  الى (اصدقاء المريض) وشارع جمال عبد الناصر من مفترق الطيران الى مفترق الجامعة الاسلامية,تم الانتهاء,84.0,85.0,500.0,98.82,0.0,0.0,غزة,الرمال الجنوبي,غزة,غزة-الرمال الجنوبي-ابو الكاس,GGA0006,INDAS_G004,FGGA0006_E003,المنطقة بين بداية شارع الشهداء  الى (اصدقاء المريض) وشارع جمال عبد الناصر من مفترق الطيران الى مفترق الجامعة الاسلامية,85.0
غزة-مربع الخدمة العامة والقصاصين,GGA0006,INDAS_G028,FGGA0006_E021,غزة,,مناطق حصر جديدة,0.0,0.0,0.0,0.0,0.0,0.0,غزة,الصبرة,غزة,غزة-مربع الخدمة العامة والقصاصين,GGA0006,INDAS_G028,FGGA0006_E021,,0.0
غزة-مدينة الزهراء,GZA0004,INDAS_G006,FGZA0004_E001,غزة,المنطقة بين قصر العدل ومجمع السلامة الطبي  الى شارع الرشيد,مناطق حصر جديدة,0.0,138.0,0.0,0.0,0.0,0.0,مدينة الزهراء,منطقة رقم 6 - اسكان مدينة الزهراء,غزة,غزة-مدينة الزهراء,GZA0004,INDAS_G006,FGZA0004_E001,المنطقة بين قصر العدل ومجمع السلامة الطبي  الى شارع الرشيد,138.0
الوسطى-النصيرات-مربع أرض أبو شمالة ومركز رعاية النصيرات,MNU0002,INDAS_M003,FMNU0002_E013,الوسطى,,قيد الحصر,0.0,0.0,0.0,0.0,0.0,0.0,النصيرات,حي المخيم الجديد,الوسطى,الوسطى-النصيرات-مربع أرض أبو شمالة ومركز رعاية النصيرات,MNU0002,INDAS_M003,FMNU0002_E013,,0.0
الوسطى-النصيرات-مربع أراضي (أبو غولة-أبو مهادي-اللوح-أبو زكري),MNU0002,INDAS_M002,FMNU0002_E014,الوسطى,,مناطق حصر جديدة,0.0,419.0,0.0,0.0,0.0,0.0,النصيرات,حي ارض ابومهادي,الوسطى,الوسطى-النصيرات-مربع أراضي (أبو غولة-أبو مهادي-اللوح-أبو زكري),MNU0002,INDAS_M002,FMNU0002_E014,,419.0
الوسطى-النصيرات-المنطقة الواقعة من أرض المصنع الى أبراج عين جالوت,MNU0002,INDAS_M009,FMNU0002_E015,الوسطى,,مناطق حصر جديدة,0.0,347.0,0.0,0.0,0.0,0.0,النصيرات,حي صرصور,الوسطى,الوسطى-النصيرات-المنطقة الواقعة من أرض المصنع الى أبراج عين جالوت,MNU0002,INDAS_M009,FMNU0002_E015,,347.0
الوسطى-النصيرات-المنطقة الواقعة من أرض المصنع الى أبراج عين جالوت,MNU0002,INDAS_M009,FMNU0002_E016,الوسطى,,مناطق حصر جديدة,0.0,220.0,0.0,0.0,0.0,0.0,النصيرات,حي صرصور,الوسطى,الوسطى-النصيرات-المنطقة الواقعة من أرض المصنع الى أبراج عين جالوت,MNU0002,INDAS_M009,FMNU0002_E016,,220.0
H الوسطى-النصيرات-منطقة بيارة أبو سليم الشرقية وبلوك,MNU0002,INDAS_M008,FMNU0002_E017,الوسطى,,مناطق حصر جديدة,0.0,216.0,0.0,0.0,0.0,0.0,النصيرات,حي ابوسليم الشرقية,الوسطى,H الوسطى-النصيرات-منطقة بيارة أبو سليم الشرقية وبلوك,MNU0002,INDAS_M008,FMNU0002_E017,,216.0
H الوسطى-النصيرات-منطقة بيارة أبو سليم الشرقية وبلوك,MNU0002,INDAS_M008,FMNU0002_E018,الوسطى,,مناطق حصر جديدة,0.0,372.0,0.0,0.0,0.0,0.0,النصيرات,حي ابوسليم الشرقية,الوسطى,H الوسطى-النصيرات-منطقة بيارة أبو سليم الشرقية وبلوك,MNU0002,INDAS_M008,FMNU0002_E018,,372.0
الوسطى-النصيرات-مربع أرض أبو مراحيل ومخيم 1 ومربع مسجد الفرج,MNU0002,INDAS_M007,FMNU0002_E019,الوسطى,,مناطق حصر جديدة,0.0,205.0,0.0,0.0,0.0,0.0,النصيرات,حي بلوك F,الوسطى,الوسطى-النصيرات-مربع أرض أبو مراحيل ومخيم 1 ومربع مسجد الفرج,MNU0002,INDAS_M007,FMNU0002_E019,,205.0
الوسطى-النصيرات-مربع أرض أبو مراحيل ومخيم 1 ومربع مسجد الفرج,MNU0002,INDAS_M007,FMNU0002_E020,الوسطى,,مناطق حصر جديدة,0.0,112.0,0.0,0.0,0.0,0.0,النصيرات,حي بلوك F,الوسطى,الوسطى-النصيرات-مربع أرض أبو مراحيل ومخيم 1 ومربع مسجد الفرج,MNU0002,INDAS_M007,FMNU0002_E020,,112.0
الوسطى-النصيرات-مربع أرض أبو مراحيل ومخيم 1 ومربع مسجد الفرج,MNU0002,INDAS_M007,FMNU0002_E021,الوسطى,,مناطق حصر جديدة,0.0,187.0,0.0,0.0,0.0,0.0,النصيرات,حي بلوك F,الوسطى,الوسطى-النصيرات-مربع أرض أبو مراحيل ومخيم 1 ومربع مسجد الفرج,MNU0002,INDAS_M007,FMNU0002_E021,,187.0
الوسطى-النصيرات-مربع أرض الدعوة و المحكمة الشرعية,MNU0002,INDAS_M004,FMNU0002_E022,الوسطى,,مناطق حصر جديدة,0.0,336.0,0.0,0.0,0.0,0.0,النصيرات,حي بلوك C,الوسطى,الوسطى-النصيرات-مربع أرض الدعوة و المحكمة الشرعية,MNU0002,INDAS_M004,FMNU0002_E022,,336.0
الوسطى-النصيرات-مربع أرض الدعوة و المحكمة الشرعية,MNU0002,INDAS_M004,FMNU0002_E023,الوسطى,,قيد الحصر,0.0,358.0,0.0,0.0,1.0,2.0,النصيرات,حي بلوك C,الوسطى,الوسطى-النصيرات-مربع أرض الدعوة و المحكمة الشرعية,MNU0002,INDAS_M004,FMNU0002_E023,,358.0
الوسطى-النصيرات-مربع أرض الدعوة و المحكمة الشرعية,MNU0002,INDAS_M004,FMNU0002_E024,الوسطى,,قيد الحصر,0.0,0.0,0.0,0.0,1.0,2.0,النصيرات,حي بلوك C,الوسطى,الوسطى-النصيرات-مربع أرض الدعوة و المحكمة الشرعية,MNU0002,INDAS_M004,FMNU0002_E024,,0.0
الوسطى-النصيرات-مربع أراضي (مطر والحرثاني وأبو عريبان),MNU0002,INDAS_M006,FMNU0002_E025,الوسطى,,مناطق حصر جديدة,0.0,231.0,0.0,0.0,0.0,0.0,النصيرات,حي ارض مطر,الوسطى,الوسطى-النصيرات-مربع أراضي (مطر والحرثاني وأبو عريبان),MNU0002,INDAS_M006,FMNU0002_E025,,231.0
الوسطى--النصيرات-أرض المفتي,MNU0002,INDAS_M001,FMNU0002_E001,الوسطى,منطقة مربع المفتي والمخيم الجديد وارض ابو مهادي,قيد الحصر,131.0,182.0,0.0,71.98,1.0,2.0,النصيرات,حي المفتي,الوسطى,الوسطى--النصيرات-أرض المفتي,MNU0002,INDAS_M001,FMNU0002_E001,منطقة مربع المفتي والمخيم الجديد وارض ابو مهادي,182.0
الوسطى--النصيرات-أرض المفتي,MNU0002,INDAS_M001,FMNU0002_E003,الوسطى,منطقة مربع المفتي والمخيم الجديد وارض ابو مهادي,قيد الحصر,242.0,356.0,0.0,67.98,1.0,2.0,النصيرات,حي المخيم الجديد,الوسطى,الوسطى--النصيرات-أرض المفتي,MNU0002,INDAS_M001,FMNU0002_E003,منطقة مربع المفتي والمخيم الجديد وارض ابو مهادي,356.0
غزة-المغراقة,GZA0004,INDAS_G048,FGZA0004_E016,غزة,,مناطق حصر جديدة,0.0,256.0,0.0,0.0,0.0,0.0,المغراقة,حي بدر,غزة,غزة-المغراقة,GZA0004,INDAS_G048,FGZA0004_E016,,256.0
غزة-المغراقة,GZA0004,INDAS_G048,FGZA0004_E017,غزة,,مناطق حصر جديدة,0.0,364.0,0.0,0.0,0.0,0.0,المغراقة,حي الايمان,غزة,غزة-المغراقة,GZA0004,INDAS_G048,FGZA0004_E017,,364.0
غزة-المغراقة,GZA0004,INDAS_G048,FGZA0004_E018,غزة,,مناطق حصر جديدة,0.0,392.0,0.0,0.0,0.0,0.0,المغراقة,حي الهدى,غزة,غزة-المغراقة,GZA0004,INDAS_G048,FGZA0004_E018,,392.0
غزة-المغراقة,GZA0004,INDAS_G048,FGZA0004_E019,غزة,,مناطق حصر جديدة,0.0,329.0,0.0,0.0,0.0,0.0,المغراقة,حي الرحمة,غزة,غزة-المغراقة,GZA0004,INDAS_G048,FGZA0004_E019,,329.0
الوسطى-دير البلح-مربع المشاعلة الغربي ومربع صالة سونستا للأفراح,MDB0003,INDAS_M010,FMDB0003_E009,الوسطى,,مناطق حصر جديدة,74.0,195.0,0.0,37.95,0.0,0.0,دير البلح,المشاعلة / ابوفياض,الوسطى,الوسطى-دير البلح-مربع المشاعلة الغربي ومربع صالة سونستا للأفراح,MDB0003,INDAS_M010,FMDB0003_E009,,195.0
الوسطى-دير البلح-مربع المشاعلة الشرقي ومربع مسجد البركة,MDB0003,INDAS_M011,FMDB0003_E010,الوسطى,,مناطق حصر جديدة,131.0,291.0,0.0,45.02,0.0,0.0,دير البلح,المشاعلة / ابوفياض,الوسطى,الوسطى-دير البلح-مربع المشاعلة الشرقي ومربع مسجد البركة,MDB0003,INDAS_M011,FMDB0003_E010,,291.0
الوسطى-دير البلح-مربع مسجد الأبرار,MDB0003,INDAS_M012,FMDB0003_E011,الوسطى,,مناطق حصر جديدة,0.0,506.0,0.0,0.0,0.0,0.0,دير البلح,البركة,الوسطى,الوسطى-دير البلح-مربع مسجد الأبرار,MDB0003,INDAS_M012,FMDB0003_E011,,506.0
الوسطى-دير البلح-مربع أم ظهير ومسجد الرياطي,MDB0003,INDAS_M015,FMDB0003_E012,الوسطى,,مناطق حصر جديدة,0.0,369.0,0.0,0.0,0.0,0.0,دير البلح,ام ظهير,الوسطى,الوسطى-دير البلح-مربع أم ظهير ومسجد الرياطي,MDB0003,INDAS_M015,FMDB0003_E012,,369.0
دير البلح-قصر أبو سليم,MDB0003,INDAS_M013,FMDB0003_E002,الوسطى,من شارع الحكر من جامع الفرقان الى ابو هولي,تم الانتهاء,252.0,275.0,519.0,91.64,0.0,0.0,دير البلح,الفرش/ام العزبان,الوسطى,دير البلح-قصر أبو سليم,MDB0003,INDAS_M013,FMDB0003_E002,من شارع الحكر من جامع الفرقان الى ابو هولي,275.0
الوسطى-دير البلح-مربع بوبع أرض القدرة وأبو هولي (الجعفراوي الغربي),MDB0003,INDAS_M014,FMDB0003_E013,الوسطى,,مناطق حصر جديدة,0.0,410.0,0.0,0.0,0.0,0.0,دير البلح,بوبع,الوسطى,الوسطى-دير البلح-مربع بوبع أرض القدرة وأبو هولي (الجعفراوي الغربي),MDB0003,INDAS_M014,FMDB0003_E013,,410.0
الوسطى-وادي السلقا-مربع الجعفراوي ومربع حارة السعايدة والشرطة,MDB0003,INDAS_M016,FMDB0003_E014,الوسطى,,مناطق حصر جديدة,0.0,366.0,0.0,0.0,0.0,0.0,وادي السلقا,حي السعايدةوالشرطة وابو سن,الوسطى,الوسطى-وادي السلقا-مربع الجعفراوي ومربع حارة السعايدة والشرطة,MDB0003,INDAS_M016,FMDB0003_E014,,366.0
خانيونس-مربع أبراج الفرا والمنطقة المقابر,KKY0006,INDAS_K024,FKKY0006_E016,خانيونس,,مناطق حصر جديدة,0.0,370.0,0.0,0.0,0.0,0.0,خانيونس,البطن السمين,خانيونس,خانيونس-مربع أبراج الفرا والمنطقة المقابر,KKY0006,INDAS_K024,FKKY0006_E016,,370.0
خانيونس-المعسكر-مربع كراج رفح البطن السمين ومربع صالة روان للأفراح,KKY0006,INDAS_K022,FKKY0006_E017,خانيونس,,قيد الحصر,0.0,353.0,0.0,0.0,1.0,2.0,خانيونس,البطن السمين,خانيونس,خانيونس-المعسكر-مربع كراج رفح البطن السمين ومربع صالة روان للأفراح,KKY0006,INDAS_K022,FKKY0006_E017,,353.0
خانيونس-البلد,KKY0006,INDAS_K002,FKKY0006_E007,خانيونس,حانيونس البلد المنطقة الواقعة جنوب شارع البحر وشرق منتزة البلدية,مناطق حصر جديدة,0.0,0.0,0.0,0.0,0.0,0.0,خانيونس,مركز المدينة,خانيونس,خانيونس-البلد,KKY0006,INDAS_K002,FKKY0006_E007,حانيونس البلد المنطقة الواقعة جنوب شارع البحر وشرق منتزة البلدية,0.0
خانيونس-البلد,KKY0006,INDAS_K002,FKKY0006_E006,خانيونس,حانيونس البلد المنطقة الواقعة جنوب شارع البحر وشرق منتزة البلدية,قيد الحصر,95.0,169.0,0.0,56.21,1.0,0.0,خانيونس,مركز المدينة,خانيونس,خانيونس-البلد,KKY0006,INDAS_K002,FKKY0006_E006,حانيونس البلد المنطقة الواقعة جنوب شارع البحر وشرق منتزة البلدية,169.0
خانيونس-البلد,KKY0006,INDAS_K002,FKKY0006_E005,خانيونس,حانيونس البلد المنطقة الواقعة جنوب شارع البحر وشرق منتزة البلدية,قيد الحصر,0.0,0.0,0.0,0.0,1.0,2.0,خانيونس,المعسكر,خانيونس,خانيونس-البلد,KKY0006,INDAS_K002,FKKY0006_E005,حانيونس البلد المنطقة الواقعة جنوب شارع البحر وشرق منتزة البلدية,0.0
خانيونس-مربع مركز المدينة 2 ومربع حارة الشاعر ومدرسة عبد الرحمن الأغا,KKY0004,INDAS_K023,FKKY0004_E003,خانيونس,,مناطق حصر جديدة,0.0,0.0,0.0,0.0,0.0,0.0,خانيونس,البطن السمين,خانيونس,خانيونس-مربع مركز المدينة 2 ومربع حارة الشاعر ومدرسة عبد الرحمن الأغا,KKY0004,INDAS_K023,FKKY0004_E003,,0.0
خانيونس-مربع مركز المدينة 1,KKY0004,INDAS_K020,FKKY0004_E004,خانيونس,,مناطق حصر جديدة,0.0,210.0,0.0,0.0,0.0,0.0,خانيونس,مركز المدينة,خانيونس,خانيونس-مربع مركز المدينة 1,KKY0004,INDAS_K020,FKKY0004_E004,,210.0
خانيونس-المنطقة الواقعة بين مربع حارة المجايدة وحسني ومربع السيقلي والقسام,KKY0006,INDAS_K019,FKKY0006_E018,خانيونس,,مناطق حصر جديدة,0.0,0.0,0.0,0.0,0.0,0.0,خانيونس,مركز المدينة,خانيونس,خانيونس-المنطقة الواقعة بين مربع حارة المجايدة وحسني ومربع السيقلي والقسام,KKY0006,INDAS_K019,FKKY0006_E018,,0.0
خانيونس-المعسكر-مربع عيادة وكالة الظهرة ومربع بركة,KKY0007,INDAS_K017,FKKY0007_E008,خانيونس,,قيد الحصر,0.0,329.0,0.0,0.0,0.0,0.0,خانيونس,المعسكر,خانيونس,خانيونس-المعسكر-مربع عيادة وكالة الظهرة ومربع بركة,KKY0007,INDAS_K017,FKKY0007_E008,,329.0
خانيونس-المعسكر-مربع عيادة وكالة الظهرة ومربع بركة,KKY0007,INDAS_K017,FKKY0007_E009,خانيونس,,مناطق حصر جديدة,0.0,162.0,0.0,0.0,0.0,0.0,خانيونس,الأمل,خانيونس,خانيونس-المعسكر-مربع عيادة وكالة الظهرة ومربع بركة,KKY0007,INDAS_K017,FKKY0007_E009,,162.0
خانيونس-مربع مستشفى ناصر وأبراج النمساوي ومربع حارة المجادلة,KKY0007,INDAS_K021,FKKY0007_E010,خانيونس,,مناطق حصر جديدة,0.0,0.0,0.0,0.0,0.0,0.0,خانيونس,المعسكر,خانيونس,خانيونس-مربع مستشفى ناصر وأبراج النمساوي ومربع حارة المجادلة,KKY0007,INDAS_K021,FKKY0007_E010,,0.0
خانيونس-المعسكر-مربع الهلال الأحمر ومربع المدارس,KKY0006,INDAS_K018,FKKY0006_E020,خانيونس,,قيد الحصر,0.0,0.0,0.0,0.0,0.0,0.0,خانيونس,المعسكر,خانيونس,خانيونس-المعسكر-مربع الهلال الأحمر ومربع المدارس,KKY0006,INDAS_K018,FKKY0006_E020,,0.0
خانيونس-مربع مسجد أبو بكر الصديق,KKY0006,INDAS_K012,FKKY0006_E021,خانيونس,,مناطق حصر جديدة,0.0,373.0,0.0,0.0,0.0,0.0,خانيونس,الكتيبة,خانيونس,خانيونس-مربع مسجد أبو بكر الصديق,KKY0006,INDAS_K012,FKKY0006_E021,,373.0
خانيونس-مربع المحطة,KBS0002,INDAS_K014,FKBS0002_E003,خانيونس,,مناطق حصر جديدة,0.0,299.0,0.0,0.0,0.0,0.0,خانيونس,المحطة,خانيونس,خانيونس-مربع المحطة,KBS0002,INDAS_K014,FKBS0002_E003,,299.0
خانيونس-مربع المحطة,KBS0002,INDAS_K014,FKBS0002_E004,خانيونس,,مناطق حصر جديدة,0.0,248.0,0.0,0.0,0.0,0.0,خانيونس,المحطة,خانيونس,خانيونس-مربع المحطة,KBS0002,INDAS_K014,FKBS0002_E004,,248.0
خانيونس-المنطقة الواقعة بين كلية تدريب خانيونس والحي الياباني وحس البراق والاماراتي2,KKY0007,INDAS_K009,FKKY0007_E011,خانيونس,,مناطق حصر جديدة,0.0,0.0,0.0,0.0,0.0,0.0,خانيونس,النصر,خانيونس,خانيونس-المنطقة الواقعة بين كلية تدريب خانيونس والحي الياباني وحس البراق والاماراتي2,KKY0007,INDAS_K009,FKKY0007_E011,,0.0
خانيونس-مربع المشروع الهولندي والاماراتي1,KKY0007,INDAS_K010,FKKY0007_E012,خانيونس,,مناطق حصر جديدة,0.0,164.0,0.0,0.0,0.0,0.0,خانيونس,النصر,خانيونس,خانيونس-مربع المشروع الهولندي والاماراتي1,KKY0007,INDAS_K010,FKKY0007_E012,,164.0
خانيونس-حي الأمل,KKY0006,INDAS_K001,FKKY0006_E001,خانيونس,منطقة العرايشية-جنوب بركة المشروع  وفي الشرق من الاتحدا النسائي الى مسجد حسن البنا,تم الانتهاء,180.0,184.0,616.0,97.83,0.0,0.0,خانيونس,الأمل,خانيونس,خانيونس-حي الأمل,KKY0006,INDAS_K001,FKKY0006_E001,منطقة العرايشية-جنوب بركة المشروع  وفي الشرق من الاتحدا النسائي الى مسجد حسن البنا,184.0
خانيونس-حي الأمل,KKY0006,INDAS_K001,FKKY0006_E002,خانيونس,منطقة العرايشية-جنوب بركة المشروع  وفي الشرق من الاتحدا النسائي الى مسجد حسن البنا,قيد الحصر,0.0,0.0,0.0,0.0,1.0,0.0,خانيونس,الأمل,خانيونس,خانيونس-حي الأمل,KKY0006,INDAS_K001,FKKY0006_E002,منطقة العرايشية-جنوب بركة المشروع  وفي الشرق من الاتحدا النسائي الى مسجد حسن البنا,0.0
خانيونس-مربع بركة حي الأمل والعرايشية مربع مسجد حسن البنا,KKY0006,INDAS_K011,FKKY0006_E022,خانيونس,,مناطق حصر جديدة,0.0,138.0,0.0,0.0,0.0,0.0,خانيونس,الأمل,خانيونس,خانيونس-مربع بركة حي الأمل والعرايشية مربع مسجد حسن البنا,KKY0006,INDAS_K011,FKKY0006_E022,,138.0
خانيونس-مربع مسجد الكتيبة ومربع الربوات العربية,KBS0002,INDAS_K013,FKBS0002_E005,خانيونس,,مناطق حصر جديدة,0.0,0.0,0.0,0.0,0.0,0.0,خانيونس,الكتيبة,خانيونس,خانيونس-مربع مسجد الكتيبة ومربع الربوات العربية,KBS0002,INDAS_K013,FKBS0002_E005,,0.0
خانيونس-مربع مدرسة عيد الأغا وصالة بانوراما ومربع مسجد العباسي,KQA0001,INDAS_K008,FKQA0001_E004,خانيونس,,مناطق حصر جديدة,0.0,413.0,0.0,0.0,0.0,0.0,خانيونس,الجلاء,خانيونس,خانيونس-مربع مدرسة عيد الأغا وصالة بانوراما ومربع مسجد العباسي,KQA0001,INDAS_K008,FKQA0001_E004,,413.0
خانيونس-مربع مدرسة عيد الأغا وصالة بانوراما ومربع مسجد العباسي,KQA0001,INDAS_K008,FKQA0001_E005,خانيونس,,مناطق حصر جديدة,0.0,375.0,0.0,0.0,0.0,0.0,خانيونس,السطر,خانيونس,خانيونس-مربع مدرسة عيد الأغا وصالة بانوراما ومربع مسجد العباسي,KQA0001,INDAS_K008,FKQA0001_E005,,375.0
خانيونس-مربع محطة الأغا ومربع محطة عودة,KQA0001,INDAS_K007,FKQA0001_E006,خانيونس,,مناطق حصر جديدة,0.0,369.0,0.0,0.0,0.0,0.0,خانيونس,السطر,خانيونس,خانيونس-مربع محطة الأغا ومربع محطة عودة,KQA0001,INDAS_K007,FKQA0001_E006,,369.0
خانيونس-المواصي-مربع محطة الأسطل للبترول,KKY0007,INDAS_K004,FKKY0007_E013,خانيونس,,مناطق حصر جديدة,0.0,318.0,0.0,0.0,0.0,0.0,خانيونس,المواصي الشمالي,خانيونس,خانيونس-المواصي-مربع محطة الأسطل للبترول,KKY0007,INDAS_K004,FKKY0007_E013,,318.0
خانيونس-البركة,KKY0007,INDAS_K003,FKKY0007_E014,خانيونس,,مناطق حصر جديدة,0.0,156.0,0.0,0.0,0.0,0.0,خانيونس,المواصي الشمالي,خانيونس,خانيونس-البركة,KKY0007,INDAS_K003,FKKY0007_E014,,156.0
خانيونس-مربع إسكان الياباني,KKY0007,INDAS_K005,FKKY0007_E015,خانيونس,,مناطق حصر جديدة,0.0,36.0,0.0,0.0,0.0,0.0,خانيونس,الجلاء,خانيونس,خانيونس-مربع إسكان الياباني,KKY0007,INDAS_K005,FKKY0007_E015,,36.0
غزة-مربع مقبرة الشيخ رضوان وبرج الايطالي,GGA0009,INDAS_G053,FGGA0009_E016,غزة,,قيد الحصر,13.0,221.0,0.0,5.88,1.0,3.0,غزة,النصر,غزة,غزة-مربع مقبرة الشيخ رضوان وبرج الايطالي,GGA0009,INDAS_G053,FGGA0009_E016,,221.0
غزة-المنطقة التي تجمع بين مربع الجسر -عيادة وكالة الشيخ رضوان - مربع القسطل-مربع مسجد حطين,GGA0009,INDAS_G013,FGGA0009_E017,غزة,,قيد الحصر,38.0,162.0,0.0,23.46,1.0,3.0,غزة,الشيخ رضوان,غزة,غزة-المنطقة التي تجمع بين مربع الجسر -عيادة وكالة الشيخ رضوان - مربع القسطل-مربع مسجد حطين,GGA0009,INDAS_G013,FGGA0009_E017,,162.0
غزة-مربع عبدالله عزام وبيارة الدهشان,GGA0006,INDAS_G035,FGGA0006_E022,غزة,,مناطق حصر جديدة,0.0,254.0,0.0,0.0,0.0,0.0,غزة,الصبرة,غزة,غزة-مربع عبدالله عزام وبيارة الدهشان,GGA0006,INDAS_G035,FGGA0006_E022,,254.0
غزة-مربع مسجد الكنز,GGA0008,INDAS_G025,FGGA0008_E024,غزة,,مناطق حصر جديدة,0.0,148.0,0.0,0.0,0.0,0.0,غزة,الرمال الشمالي,غزة,غزة-مربع مسجد الكنز,GGA0008,INDAS_G025,FGGA0008_E024,,148.0
الوسطى-النصيرات-مخيم النصيرات,MNU0002,INDAS_M005,FMNU0002_E026,الوسطى,,قيد الحصر,67.0,246.0,0.0,27.24,1.0,2.0,النصيرات,حي ارض مطر,الوسطى,الوسطى-النصيرات-مخيم النصيرات,MNU0002,INDAS_M005,FMNU0002_E026,,246.0
الوسطى-النصيرات-مربع أراضي (مطر والحرثاني وأبو عريبان),MNU0002,INDAS_M006,FMNU0002_E027,الوسطى,,مناطق حصر جديدة,62.0,128.0,0.0,48.44,0.0,0.0,النصيرات,حي ارض مطر,الوسطى,الوسطى-النصيرات-مربع أراضي (مطر والحرثاني وأبو عريبان),MNU0002,INDAS_M006,FMNU0002_E027,,128.0
خانيونس-مربع مدينة حمد,KQA0001,INDAS_K006,FKQA0001_E007,خانيونس,,مناطق حصر جديدة,0.0,0.0,0.0,0.0,0.0,0.0,خانيونس,السطر,خانيونس,خانيونس-مربع مدينة حمد,KQA0001,INDAS_K006,FKQA0001_E007,,0.0
غزة-مربع الشيخ رضوان_الشارع الثاني,GGA0009,INDAS_G009,FGGA0009_E007,غزة,,مناطق حصر جديدة,0.0,0.0,0.0,0.0,0.0,0.0,غزة,الشيخ رضوان,غزة,غزة-مربع الشيخ رضوان_الشارع الثاني,GGA0009,INDAS_G009,FGGA0009_E007,,0.0
غزة-مربع أبراج تل الهوى,GGA0007,INDAS_G042,FGGA0007_E021,غزة,,مناطق حصر جديدة,0.0,0.0,0.0,0.0,0.0,0.0,غزة,تل الهوى,غزة,غزة-مربع أبراج تل الهوى,GGA0007,INDAS_G042,FGGA0007_E021,,0.0
غزة-مربع مستشفى العيون ومدرسة النصر,GGA0009,INDAS_G012,FGGA0009_E008,غزة,,مناطق حصر جديدة,0.0,327.0,0.0,0.0,0.0,0.0,غزة,النصر,غزة,غزة-مربع مستشفى العيون ومدرسة النصر,GGA0009,INDAS_G012,FGGA0009_E008,,327.0
